kɛ	3588
mi̱	2130
ɛ	2126
kä	2051
ɣöö	1611
ci̱	846
bi̱	825
ti̱	812
tin	727
ni̱	707
i̱	650
jɛ	564
kɛnɛ	548
a	501
la	500
in	473
cɛ	453
ji̱	426
nɛy	398
naath	389
we	375
min	365
bɛ	358
kɛn	354
thi̱n	347
ɛn	333
laa	287
raan	287
jɛn	286
dee	281
rɛy	277
rɔ	271
/ci̱	259
la̱t	242
rɔ̱	236
dɔ̱ŋ	228
kɔn	221
bä	221
cu	212
thiɛlɛ	205
rami̱	202
kiɛ	193
cäŋ	193
jek	190
lɛ	182
diaal	182
gɔa	176
kuën	171
ca	166
ruac	162
dëë	157
jiäk	157
ram	155
duɔ̱ɔ̱p	146
caa	140
ciaaŋ	139
ŋäc	139
nath	138
gua̱a̱th	137
piny	136
tëëkɛ	135
ji̱n	135
gɔaa	135
kulɛ	134
ɣä	134
baa	131
nhiam	129
kuäär	128
kuoth	128
deri̱	127
lät	127
jiääk	127
ku	127
amäni̱	126
te	125
nhial	123
duŋni̱	121
di̱i̱t	119
ɛmɔ	117
di̱t	115
ŋuan	115
go̱r	115
ta̱a̱	112
ben	111
derɛ	110
mɔ	108
luäk	105
kɛɛl	104
kɛl	101
ba	101
thuɔ̱k	100
kuɔth	100
thiɛl	98
cua̱	98
mëë	97
nhɔk	96
bi̱kɛ	95
gɔw	93
kɛkɛ	92
wi̱i̱	92
tëë	90
cuu	89
mɛ	88
gɔ̱a̱r	88
guic	88
nɛn	88
ŋa̱c	88
moc	87
tëk	85
luäŋ	84
tuɔɔk	83
jakä	82
nɔmɔ	82
ciɛŋ	81
kɔ̱ŋ	81
te̱kɛ	80
te̱	79
cieŋ	79
wee	79
ɣän	79
lat	78
gua̱n	78
ciek	77
cuɛ	77
tha̱ŋ	75
yio̱w	75
gaat	75
/ciɛ	74
kui̱c	74
mal	73
ŋu	72
wal	72
thok	72
cä	72
liŋ	70
nɛɛni̱	69
go̱rɛ	67
yɛn	66
dup	66
tɔt	65
duɔ̱ɔ̱r	64
nuääri̱	62
rɔa	62
wut	62
luɔt	61
raar	61
guäth	61
ɛmɛ	60
ramɛ	59
cet	59
nuäärä	58
ɛlo̱ŋ	58
biɛ	58
kuɛn	57
lätni̱	57
te̱e̱	56
yɛ	56
riali̱kä	55
päl	55
de	54
ri̱w	54
lɛl	54
kui̱	54
gat	54
ŋuɔ̱tku	54
jɔɔc	53
nyɛgaath	53
ran	53
thuk	53
ɔ	53
mat	52
pek	52
dap	52
ci̱kɛ	52
/ca	51
cop	51
riɛk	51
tekɛ	51
lot	50
nyal	50
ŋɔaani̱	50
dak	49
cak	49
ce̱t	48
nhök	48
lɔc	48
lɔcdɛ	47
wec	47
ka̱n	47
wä	47
ciëëŋ	46
cär	46
gua̱th	46
tɔ̱	46
jak	46
kuiy	45
luth	45
ka̱m	45
ŋɔani̱	44
kuen	44
thiec	44
kɛni̱	43
kuɛɛn	43
car	43
kuäärä	43
ëë	43
ni̱kɛ	43
ɛlɔ̱ŋ	43
/cu	42
tɔ̱tɔ̱	41
/caa	41
kuak	40
gör	40
cetkɛ	40
ɣɔ̱k	40
kɔrɛ	40
ruec	40
ja̱l	40
lo̱k	40
banɛ	39
ca̱r	39
gɛr	38
pual	38
näk	38
ŋɔak	38
ri̱c	37
cäri̱	37
yɛnɛ	37
maar	37
walɛ	37
dääk	37
kuän	37
lɔcdu	37
rɛɛk	36
go̱ri̱	36
ŋuɛ̈tni̱	36
li̱w	36
bia	36
te̱e̱kɛ	35
tok	35
thia̱k	35
wëë	35
naŋ	35
jäl	35
ruacdu	35
bo̱o̱th	34
kam	34
gɔ̱r	34
cam	34
we̱e̱	33
gööl	33
/ken	33
cäŋɛ	33
män	33
nyaal	33
bok	33
ciëŋ	33
pal	33
ŋot	33
la̱tkɛ	33
duundɛ	33
cie̱ŋ	32
guir	32
com	32
ŋi̱i̱c	32
mi̱th	32
lɔaac	32
cuŋni̱	32
thil	32
ŋotɛ	31
luak	31
bieyni̱	31
be̱n	31
pua̱a̱ny	31
be	31
yi̱k	31
ɛla	31
teekä	31
kɛɛliw	31
lar	31
jiök	31
luëëku	31
lua̱ŋ	30
i̱nɔ	30
kɛɛ	30
cɔl	30
ciaŋ	30
do̱r	29
lotni̱	29
nyieet	29
kɔnɛ	29
go̱o̱r	29
nyuur	29
luek	29
rɛw	29
tit	29
puɔ̱nydɛ	28
juey	28
guaar	28
tee	28
bɔ̱	28
rik	28
ɣɔ̱ɔ̱n	27
can	27
buɔ̱m	27
ruëëc	27
pɛl	27
dueeri̱	27
pay	26
ruacɛ	26
rɔdɛ	26
kɔr	26
cia	26
diit	26
jiɛn	26
kɔaŋ	26
liak	26
woc	26
nyin	26
yecu	26
jɔc	25
wia̱a̱	25
cäŋni̱	25
ya̱r	25
gɔ̱rä	25
gɔɔy	25
jɔk	25
kac	25
duer	25
dɔ̱a̱r	25
jɔcɛ	24
ciëëmani̱	24
we̱n	24
kap	24
ni̱kä	24
wia̱	24
bi̱i̱	24
ko̱r	24
la̱th	24
ciɛk	24
jiäkni̱	24
pa̱l	24
lö	24
läti̱	23
ti̱i̱	23
yiɛn	23
dual	23
guɔ̱ɔ̱r	23
ce̱tkɛ	23
nhɔakä	23
tɛth	23
ce̱tni̱kɛ	23
thilɛ	23
cärku	22
tha̱ŋkiɛn	22
lo̱ŋ	22
lotɛ	22
maalɛ	22
gan	22
tɛ	22
kui̱cɛ	22
bum	22
nyɔk	22
puɔ̱th	22
buɔk	21
/kui̱c	21
malɛ	21
nyɛgath	21
pi̱w	21
kum	21
run	21
cɔali̱	21
luthä	21
täämɛ	21
ŋa̱ckɛ	21
raam	21
pɛn	21
da̱ŋ	21
cuŋ	21
ma̱th	20
cët	20
juuri̱	20
wi̱cdɛ	20
nuäri̱	20
puɔ̱nydu	20
ŋak	20
yär	20
tëkdu	20
mɛk	20
baŋ	20
nyɔkɛ	20
puɔ̱t	20
rep	20
luɔ̱th	20
da̱k	20
duɔ̱p	20
cuɔ̱ɔ̱ŋ	20
la̱r	20
tiit	20
jakɛ	20
ria̱ŋ	20
ciaaŋdu	20
muɔ̱ɔ̱n	20
i̱kä	19
guici̱	19
ɛjɛn	19
ka̱th	19
riɛm	19
cuɔ̱m	19
tɛɛth	19
ŋäci̱	19
duŋ	19
däk	19
lɛp	19
ruaacni̱	19
nööŋ	19
wi̱c	19
görkɛ	19
baaŋ	19
rɛydɛ	19
ŋi̱i̱cni̱	19
jakni̱	19
loc	19
jiäkɛ	19
ruun	18
guäc	18
kuakni̱	18
thia̱kɛ	18
puɔ̱ny	18
thiäŋ	18
kɔ̱kiɛn	18
riet	18
wër	18
bëë	18
kuɛ	17
miäth	17
nyoth	17
biɛt	17
diw	17
päär	17
ti̱i̱kɛ	17
miem	17
tɛ̈thlɔaac	17
ŋäcni̱	17
rɔm	17
nyuɔ̱th	17
ciëk	17
ŋar	17
kua̱r	17
cɔwdɛ	17
ro̱ŋ	17
luny	17
ɛŋu	17
ni̱n	17
wäl	17
cua	17
kän	17
man	17
gatdä	17
tha̱a̱ŋ	16
gul	16
röm	16
kiɛɛ	16
ŋiääc	16
thi̱nɔ	16
ciɛŋni̱	16
ciaa	16
mään	16
/kän	16
muktäp	16
ruecä	16
ciëmani̱	16
ciɛ	16
duël	16
go̱lä	16
läth	16
nhɔkɛ	16
cup	16
määth	16
i̱di̱	16
bath	16
ken	16
bɛl	16
cuuc	16
käp	16
cukɛ	16
lɔcdä	16
nyooth	15
de̱e̱	15
/kui̱ci̱	15
weni̱	15
rɛwdɛ	15
cärkɛ	15
rɔal	15
kuany	15
guur	15
dɛ	15
muc	15
ŋäcɛ	15
lia̱a̱	15
bakɛ	15
jiɛc	15
no̱o̱ŋɛ	15
pɛ̈l	14
liäŋ	14
ɛtɔ̱	14
nyuɔɔn	14
ga̱th	14
riät	14
jeki̱	14
duel	14
guäthni̱	14
diäl	14
bɛc	14
cuɔ̱p	14
kumɛ	14
lo̱kɛ	14
pɛ̈th	14
bäär	14
gaŋ	14
ŋa̱a̱thä	14
mäni̱	14
thuɔ̱ɔ̱k	14
cuarɛ	14
dia̱	13
nuäär	13
tɔ̱ɔ̱cä	13
watdu	13
tiam	13
wi̱cdu	13
läny	13
yio̱ni̱	13
mɔa	13
guicɛ	13
guut	13
rueec	13
puɔl	13
nöŋ	13
da̱a̱k	13
kɔk	13
nyier	13
ley	13
ŋuɔ̱t	13
la̱tdɛ	13
ruet	13
jiɛɛn	13
jekɛ	13
diɔ̱k	13
pi̱i̱ni̱	13
thiaŋ	13
ja̱ŋdu	13
mi̱eth	13
/ci̱kɛ	12
rɔ̱diɛn	12
tuɔ̱ɔ̱p	12
gua̱ndɔɔni̱	12
jɔak	12
diëëth	12
rial	12
duëli̱	12
ka̱a̱th	12
biaa	12
mëk	12
go̱o̱rɛ	12
/käni̱	12
reep	12
tëkdɛ	12
bɛ̈c	12
gaak	12
thia̱a̱ŋ	12
yɔ̱ŋ	12
kua̱n	12
cäät	12
jëkɛ	12
nyami̱	12
yaŋ	12
dhɔr	12
kua	12
juɔ̱r	12
palä	12
gɔy	12
nɔ̱a̱n	12
jiath	12
lo̱ckiɛn	12
lökɛ	12
ciök	12
lak	12
latɛ	11
/cua̱	11
guɛ̈l	11
ruaac	11
rɛ̈ɛ̈k	11
buar	11
ŋuani̱	11
dɔŋ	11
di̱tni̱	11
tuɔɔkɛ	11
kuɛ̈n	11
lɔ̱ŋ	11
rɛk	11
caari̱	11
kuëndu	11
ca̱ŋda̱a̱r	11
ka	11
mää	11
gath	11
ŋuäni̱	11
länyi̱	11
taap	11
ɛmää	11
wen	11
thuɔk	11
ɛni̱	11
waa	11
guicni̱	11
dɛl	11
kuɛ̈ɛ̈	11
lɔɔcdu	11
diɛɛr	11
teekädu	11
nhɔki̱	11
gak	11
jëk	11
mocɛ	11
rɛc	11
tuk	11
ruët	11
ka̱a̱cni̱	11
cuɔ̱ŋ	11
tɔ̱ɔ̱c	11
kenɛ	11
kään	11
latkɛ	11
pöc	11
däkä	11
jɔw	11
le̱y	11
akɛ	11
ti̱ti̱	11
bɛkɛ	10
läät	10
yuɔ̱th	10
canɛ	10
tëkdiɛn	10
lɛli̱	10
no̱o̱ŋ	10
dupni̱	10
juur	10
wi̱i̱muɔ̱ɔ̱n	10
kɛt	10
bi̱lɛ	10
ŋut	10
ŋieec	10
luakkuɔth	10
diëëthgan	10
luɔtdɛ	10
guɛckɛ	10
duär	10
puc	10
dho̱r	10
lɔr	10
wa̱nɔ	10
dɔ̱ɔ̱r	10
ɣɔ̱ɔ̱k	10
gua̱c	10
kɔni̱	10
tharɛ	10
ciɛŋä	10
tet	10
go̱o̱ri̱	10
guec	10
gaatku	10
gaatkiɛn	10
met	10
ji̱th	10
duɔth	10
dɛy	10
wäär	10
ruacdɛ	10
thieekädu	10
wutni̱	10
kacä	10
käni̱	10
yiëë	10
ŋuaan	10
rieetku	10
liakä	10
pɛlɛ	10
reepɛ	9
ŋäthɛ	9
watdɛ	9
jɔam	9
lɔɔcdɛ	9
ciaaŋdan	9
ciëmani̱kiɛn	9
ti	9
bääl	9
gɔɔyä	9
ɣööŋ	9
ŋa	9
wuutni̱	9
duɔ̱ɔ̱li̱	9
nhökdiɛn	9
da̱ŋrɛw	9
luakuɔth	9
nyur	9
kɔaaŋ	9
ja	9
na̱n	9
yɔɔ	9
ca̱a̱p	9
riali̱	9
go̱rni̱	9
länyni̱	9
ŋic	9
kɛ̈ckɛ̈ɛ̈c	9
diääl	9
pua̱nykiɛn	9
thuŋ	9
pua̱ny	9
ta̱a̱du	9
ciaŋkɛ	9
pith	9
bäny	9
nɛ	9
kual	9
käm	9
nɔ	9
gɔwkɛ	9
deekɛ	9
ciekdu	9
bo̱th	9
nyuuthni̱	9
kuëth	9
yuɔr	9
dhieec	9
mac	9
waŋ	9
pɛlä	9
nɛmɛ	9
ŋäth	9
ciöt	9
nhɔakɛ	9
göörä	9
kärɔa	9
tɛ̈th	9
yiey	8
dera	8
kui̱ci̱	8
bɛɛ	8
dakɛ	8
kääp	8
puth	8
tookɛ	8
puɔ̱ɔ̱nydɛ	8
lieŋ	8
mi̱thni̱	8
rɛɛkɛ	8
gua̱ndɔɔni̱kɔn	8
rɔadɛ	8
ciëëmani̱kiɛn	8
lotrɔ	8
tap	8
rɔ̱ŋ	8
wiäc	8
mɛ̈kɛ	8
ca̱p	8
matɛ	8
ɛgɔa	8
yio̱o̱ni̱	8
keni̱	8
nyuthɛ	8
jɔ̱ɔ̱r	8
rieet	8
cuc	8
teekɛ	8
lɔcdiɛn	8
tuar	8
mieth	8
ja̱a̱l	8
cɔal	8
ta̱a̱dɛ	8
kuothɛ	8
nyi̱r	8
kuiyɛ	8
dial	8
keer	8
thuuk	8
la̱a̱t	8
yop	8
rɛydiɛn	8
teni̱	8
kɔŋ	8
thar	8
ca̱ŋ	8
duäc	8
ŋa̱th	8
luaak	8
wa	8
dɔɔr	8
mɛn	8
duaal	8
bɛɛl	8
dupkɛ	8
rɛl	8
dɔaar	8
jɔ̱ɔ̱n	8
jääny	7
agɔa	7
kuɛlɛ	7
ciɛŋkɔn	7
titi	7
ci̱i̱	7
rikä	7
kuɛth	7
jiääkä	7
tokɛ	7
diëëthkiɛn	7
kuëndɛ	7
lää	7
nyothni̱	7
rikni̱	7
do̱rɔ	7
mooc	7
dɔp	7
ciɛŋädan	7
yaaŋ	7
took	7
wäthkiɛn	7
cärkiɛn	7
guɛc	7
yoop	7
thieekä	7
kuëndiɛn	7
nyam	7
wekɛ	7
tha̱ŋnath	7
math	7
ganku	7
wutä	7
riäŋä	7
nhɔkni̱	7
ri̱wdiɛn	7
baath	7
cucä	7
ɛbɛ	7
lätɛ	7
lɔ̱ɔ̱	7
gäth	7
gɛ̈rɛ	7
lati̱	7
mäthni̱	7
tapä	7
riäät	7
ŋɔ̱ɔ̱ŋi̱	7
wäŋ	7
pälɛ	7
lɔɔc	7
duɔ̱ɔ̱rä	7
kɔ̱c	7
bär	7
jio̱k	7
go̱rä	7
kɛ̈k	7
thieek	7
ɣɔ̱n	7
deriɛ	7
dueel	7
däär	7
lo̱ki̱	7
ko̱k	7
cuŋä	7
gua̱ndɔɔŋni̱	7
daar	7
tim	7
ciekdɛ	7
duŋdɛ	7
pua̱t	7
lär	7
ba̱ny	7
nëë	7
agɔaa	7
ce̱tdɛ	7
ciɛŋku	7
dɔa̱a̱r	7
latdɛ	7
lätdɛ	7
ro̱o̱l	7
gök	7
kuändɛ	6
kɔat	6
yɔ̱a̱ŋ	6
tɛthälɔaac	6
ŋiɛth	6
dui̱r	6
rɔam	6
rɔl	6
ŋuk	6
döör	6
watku	6
pɛ̈ɛ̈n	6
gɔ̱a̱rɛ	6
yieyku	6
tuɔ̱m	6
ŋäcdu	6
cua̱a̱	6
tɛ̈ɛ̈	6
puɔlä	6
ɛlaa	6
ciɛŋkiɛn	6
ŋa̱a̱ri̱	6
caar	6
tur	6
wa̱a̱ri̱	6
ciɛŋi̱	6
nyuth	6
cooth	6
ma̱t	6
pekni̱	6
ruaal	6
diɔ̱kdiɛn	6
nyi̱man	6
maath	6
gäy	6
raanɛ	6
thukduëli̱	6
piith	6
ciëëmuɔri̱	6
gër	6
du	6
yaak	6
guaari̱	6
kualɛ	6
biäyni̱	6
länyɛ	6
ka̱ni̱	6
luäŋi̱	6
lua̱ŋdu	6
ŋääthi̱	6
un	6
wat	6
nyua̱n	6
kɔamni̱	6
guutɛ	6
cuɔ̱c	6
din	6
nyɛgaathä	6
määthdu	6
lapni̱	6
ɛcäŋ	6
bapbuul	6
bak	6
jaa	6
gööli̱	6
luäkɛ	6
nɛni̱	6
kɔt	6
wi̱i̱ni̱	6
ŋuɛ̈t	6
luɔc	6
piɛny	6
ramɔ	6
bäl	6
guk	6
i̱nɛ	6
tuɔk	6
jälɛ	6
kueni̱	6
mɛt	6
lɛn	6
yian	6
jua̱th	6
lam	6
nhökdɛ	6
dol	6
leth	6
ciaaŋdɛ	6
nën	6
ciɛŋɛ	6
thöp	6
lätkɛ	6
di̱tdɛ	6
puɔth	6
gɔɔydɛ	6
pua̱a̱r	6
riäŋ	6
buɔ̱n	6
waŋdɛ	6
ko̱o̱r	6
raami̱	6
dui̱rä	6
kua̱ri̱	6
ŋɛ̈ɛ̈ny	6
kiɛɛr	6
luɔ̱thkɛ	6
luk	6
camɛ	6
tɛ̱̈ɛ̱̈	6
pi̱	6
ruaacni̱ku	6
bo̱r	6
da̱a̱p	6
la̱k	6
lökä	6
nhökdu	6
nyiath	6
thiap	6
nɛnɛɛ	6
gua̱	6
däärwec	5
benɛ	5
kɔɔr	5
juɔ̱ɔ̱ri̱	5
wiɛ	5
kuenä	5
gɛ̈r	5
kuëëth	5
diëëthni̱	5
päli̱	5
bit	5
thiääŋ	5
ruaci̱	5
tɛthlɔaac	5
ji̱kɛ	5
thokdɛ	5
gɔ̱ɔ̱r	5
nhialɔ	5
lo̱kni̱	5
köm	5
tɔ̱ɔ̱rä	5
mutni̱	5
këtdin	5
ŋuani̱kɛn	5
to̱l	5
guɛ̈lɛ	5
läthni̱	5
miemkiɛn	5
ji̱ni̱	5
cuit	5
rut	5
luäŋɛ	5
cäkä	5
cia̱	5
gɛɛr	5
luɔ̱ɔ̱tni̱	5
tiet	5
dhɔɔl	5
/kenɛ	5
lo̱kä	5
thär	5
yärɛ	5
kuaay	5
cäŋdäär	5
thiëëk	5
tɛmɛ	5
gɔ̱a̱riɛn	5
lari̱	5
dia̱a̱	5
toc	5
cikä	5
leerä	5
ciëë	5
ŋuuni̱	5
puɔ̱ɔ̱nydu	5
tuɔm	5
bɔth	5
pua̱a̱nydɛ	5
dil	5
nyuaak	5
puaak	5
wa̱l	5
timɛ	5
duɔl	5
ŋäthä	5
yaakä	5
thokduëël	5
diëthkiɛn	5
nyuään	5
tɛr	5
nyɛgaathdu	5
wäth	5
dhal	5
ni̱we̱n	5
gua̱a̱c	5
wi̱cyi̱i̱c	5
päärɛ	5
dep	5
nyuuth	5
jäli̱	5
runwaŋ	5
cɛɛ	5
tiɛɛl	5
rialɛ	5
rɔdu	5
wi̱	5
naŋkɛ	5
dapkɛ	5
ji̱kiɛn	5
ŋäcä	5
jiääkdɛ	5
duëël	5
köl	5
nhiaal	5
kuël	5
kɔaaŋni̱	5
ro̱ŋɛ	5
tɛ̈thlɔac	5
ca̱a̱r	5
coth	5
päth	5
gankɛ	5
liŋi̱	5
kaa	5
ŋääth	5
duɔ̱r	5
gupä	5
wuut	5
yiath	5
we̱	5
pua̱a̱nydu	5
bööth	5
niɛ	5
carɛ	5
pekdɛ	5
kuth	5
lɔk	5
kawayni̱	5
dhɔrɛ	5
ɛnɔ	5
wak	5
gui̱l	5
nyoon	5
käny	5
kɔ̱a̱c	5
däkɛ	5
ciötdu	5
bɛ̈ɛ̈l	5
cää	5
cɔwdu	5
lom	5
ri̱ŋ	5
lony	5
lɛlɛ	5
bitkä	5
köör	5
muɔ̱l	5
tiɛtkɛ	5
ala	5
gaatkɛ	5
ɣɔaa	5
ɛŋa	5
bar	5
barkakni̱	5
bieyni̱kɛ	5
buay	5
ikä	5
liɛŋɛ	5
mɛmɛ	5
mɛri	5
nɛnɛ	5
tiɛɛtdä	5
tëkdä	5
waŋdä	5
liep	5
mula̱a̱k	4
teekädan	4
dhɔt	4
dɔ̱r	4
thiak	4
bɛ̈cbɛ̈ɛ̈c	4
rɛ̈ɛ̈t	4
to̱k	4
dɔl	4
riku	4
ni̱wen	4
luthi̱	4
thukiɛn	4
i̱n	4
juri̱	4
lëth	4
rua̱a̱k	4
ni̱wal	4
ɛntäämɛ	4
lo̱c	4
tiäm	4
teekädiɛn	4
yieykɛ	4
riɛkdɛ	4
döri̱	4
cääk	4
ŋiɛckɛ	4
laakɛ	4
wëëkɛ	4
liɛŋ	4
tëkdan	4
juacni̱	4
kuan	4
cami̱	4
cakɛ	4
kua̱c	4
lueŋ	4
tuɔ̱ruɔ̱k	4
kɛlɔ	4
wi̱ckiɛn	4
pa̱k	4
rɛlrɔ̱	4
ɛku	4
dëëkɛ	4
wi̱cmuɔ̱ɔ̱n	4
nhɔak	4
jiɔm	4
ciökni̱	4
wekä	4
pali̱	4
ŋɔ̱ɔ̱ŋ	4
tɔ̱c	4
dööri̱	4
tuɔkɛ	4
nɛnɔ	4
kurɛ	4
mieem	4
kamni̱kiɛn	4
riɛmdu	4
lätni̱kiɛn	4
/keni̱	4
rɔ̱kiɛn	4
ruetä	4
maarä	4
yiɛɛn	4
guäl	4
nyamɛ	4
teedi̱	4
kui̱cni̱kiɛn	4
da̱r	4
nyuthni̱	4
diëëthkɛ	4
mɛ̈t	4
/ka̱n	4
wa̱th	4
/ciɛɛ	4
ruup	4
la̱ri̱	4
diëëthku	4
kut	4
thiëc	4
ɛntää	4
yor	4
tiem	4
maarun	4
guutdɛ	4
pua̱tkɛ	4
dapni̱	4
kok	4
ga̱ŋ	4
nyi̱mandun	4
ciëŋdun	4
gɔl	4
bia̱a̱	4
kɛk	4
ŋɔ̱ɔ̱ŋkɛ	4
jekni̱	4
comä	4
ka̱p	4
nhiamɔ	4
la̱tɔ	4
kɛliw	4
lätkiɛn	4
guuri̱	4
cari̱	4
tiät	4
ga̱a̱c	4
ji̱ciëŋ	4
dɔ̱a̱a̱r	4
lapɛ	4
lɔaacdɛ	4
ciëŋdu	4
puɔ̱ɔ̱ny	4
yi̱c	4
ŋɔ̱a̱a̱ŋ	4
thukɛ	4
nyɛŋuŋu	4
comni̱	4
kuanykɛ	4
di̱i̱l	4
bo̱o̱thä	4
nyon	4
thöl	4
rɔɔdɛ	4
ril	4
wi̱cmuɔ̱n	4
jɛni̱	4
bɛɛr	4
yam	4
kɛ̈kdu	4
ko̱kä	4
räc	4
dɛn	4
nyɛgathä	4
luɔcdɛ	4
thukdu	4
ŋiɛthdu	4
raarɔ	4
cuɔm	4
bi̱diöni̱	4
di̱tlɔaac	4
lue̱ŋä	4
lue̱ŋ	4
cat	4
we̱c	4
da̱a̱rwec	4
tol	4
di̱	4
bakä	4
wäŋkɛ	4
kuɛla	4
lɛni̱	4
cän	4
mi̱i̱th	4
kuec	4
mɛ̈ɛ̈t	4
göök	4
det	4
ɛmi̱	4
ɣäni̱	4
nhiamdɛ	4
jalapni̱	4
ciak	4
tak	4
ŋuɔ̱tni̱	4
pen	4
peek	4
cɔw	4
muɔɔr	4
dho̱o̱l	4
lul	4
buum	4
lua̱kɛ	4
pɛli̱	4
/cua	4
bia̱	4
kök	4
bänyɛ	4
ca̱a̱t	4
tetku	4
diɛn	4
ci	4
leer	4
penɛ	4
kɔak	4
nyuurä	4
thɛm	4
kuɔ̱r	4
cuɔ̱ɔ̱ŋdu	4
läthɛ	4
pekɛ	4
ca̱tɛ	4
mäth	4
muul	4
pa̱r	4
gua̱a̱thdɛ	4
col	4
buɔ̱ɔ̱t	4
bathɛ	4
guɔ̱ɔ̱rkɛ	4
liakɛ	4
luɔ̱c	4
kaway	4
ciötdɛ	4
ba̱kɛl	4
li̱th	4
da̱p	4
pär	4
thɔ̱ŋɔ	4
luëëk	4
ɣɔw	4
wanɛ	4
dhil	4
kua̱	4
lɛy	4
lip	4
ni̱ni̱	4
gɔ̱k	4
kak	4
lotdɛ	4
wutdä	4
duelɛ	4
dueer	4
po̱c	4
baar	4
bärɔw	4
cätkiɛn	4
do̱raar	4
dupku	4
gekä	4
gua̱thni̱	4
jääk	4
li̱eth	4
lueek	4
luëëkni̱ku	4
lëëp	4
nyuɔɔni̱	4
pääm	4
päämni̱	4
tɛ̈rä	4
wa̱a̱	4
ɛgɔaa	4
culä	4
cärɛ	3
kony	3
nyua̱a̱th	3
runi̱	3
wuɔ̱n	3
wi̱i̱dɛ	3
kui̱cɔ	3
miŋ	3
thokdu	3
thiɛk	3
kuaa	3
ma̱y	3
tek	3
do̱pɛ	3
pa̱ny	3
niɛɛn	3
rieetni̱	3
yieykiɛn	3
ri̱cdɛ	3
luthdan	3
lua̱k	3
jiɛɛc	3
cucɛ	3
riɛkdu	3
ro̱m	3
cieŋkɛ	3
deri	3
döny	3
cien	3
ciɛŋkun	3
ni̱kiɛn	3
thia̱m	3
ruackɛ	3
gaatkɔn	3
raandun	3
cɔɔl	3
caakɛ	3
tët	3
buɔkni̱	3
kua̱a̱	3
jɔakdɛ	3
thokdan	3
ŋäcdiɛn	3
kayɛ	3
dɔw	3
thärkiɛn	3
lɛ̈w	3
bekɛ	3
yiekä	3
bɔ̱t	3
kiɛl	3
wi̱i̱diɛn	3
teek	3
ciaaŋdiɛn	3
ruɔ̱ɔ̱p	3
ciɛŋädiɛn	3
kula	3
/ka̱nɛ	3
tuaari̱	3
do̱ran	3
gel	3
dël	3
ciökiɛn	3
thul	3
gatä	3
dɛ̈ɛ̈l	3
kui̱i̱	3
thuɔ̱c	3
tomɛ	3
diel	3
kɔakɛ	3
miäm	3
wi̱g	3
miemku	3
pɛ̈lpɛ̈ɛ̈l	3
buɔn	3
gulɛ	3
comi̱	3
gɔ̱a̱a̱ri̱	3
mäthni̱ku	3
kɛnkɛ	3
nyi̱mandiɛn	3
kuɛni̱	3
kuɛ̈nkɛ	3
gaatmani̱	3
matdiɛn	3
ŋieeckɛ	3
karkiɛn	3
luɔ̱ɔ̱c	3
nyieenath	3
lakɛ	3
nin	3
mar	3
lotrɔ̱	3
ci̱rɔ̱	3
wia	3
nɛyɛ	3
gɔ̱a̱ri̱	3
ŋuy	3
gɔ̱a̱a̱r	3
cii	3
lual	3
bo̱o̱r	3
diɔ̱ɔ̱k	3
kɛ̈lkɛ̈ɛ̈li̱	3
nho̱kä	3
tuɔ̱c	3
lap	3
thiëckɛ	3
nyaadiɛn	3
larni̱	3
ŋarkɛ	3
da̱a̱kɛ	3
puɔ̱ɔ̱t	3
ɛti̱	3
la̱ny	3
pa̱tɔri̱	3
yuth	3
tho̱pni̱	3
cɔwkiɛn	3
biɛɛ	3
yi̱i̱c	3
buɔr	3
mɛkni̱	3
tuak	3
ŋa̱cni̱	3
rɔ̱a̱a̱	3
kua̱ckɛ	3
ɛnɔmɔ	3
lɔ̱ɔ̱l	3
wi̱cran	3
thia̱kni̱	3
kuɔ̱k	3
lä	3
ɛkuiy	3
kuɔ̱ɔ̱n	3
kacraar	3
gɔani̱	3
gɛɛrɛ	3
gɔ̱a̱ru	3
kuändu	3
yɔ̱t	3
gɔlu	3
thia̱kthia̱k	3
cärä	3
mandiɛn	3
jälkɛ	3
rɛ̈t	3
muktäpä	3
lothni̱	3
nɔ̱ɔ̱ni̱	3
dääkni̱	3
thiɛlɔc	3
pi̱r	3
yiathpiny	3
kɛ̈ɛ̈l	3
kɛndiaal	3
ta̱yɛ	3
nyiiŋ	3
ŋuän	3
yuɔ̱p	3
cooni̱	3
lɔth	3
buut	3
nyuɔ̱ɔ̱r	3
cieŋdun	3
thɔl	3
muɔckɛ	3
tiɛni̱	3
tɛthlɔcdɛ	3
di̱tä	3
diɛwdiɛwni̱	3
nyinkɛ	3
käkɛ	3
jic	3
ca̱rɛ	3
kuëny	3
/känɛ	3
ruaaci̱	3
duɔ̱rä	3
kɔaam	3
dho̱ri̱	3
kuärä	3
diëth	3
ciëŋdiɛn	3
kuɛɛ	3
thuny	3
nya̱k	3
cië	3
mä	3
dhɔrɔ	3
wänwään	3
watädu	3
mith	3
yiöt	3
thɔ̱ɔ̱l	3
gup	3
guar	3
gua̱ndɛ	3
ciëmuɔri̱	3
liny	3
wuɔ̱p	3
lɛpɛ	3
luakdɛ	3
la̱a̱ny	3
may	3
yiɛth	3
nyɛgathni̱	3
cɔalɛ	3
ɛtɛmɛ	3
tiɛɛni̱	3
gua̱thdɛ	3
cɔadɛ	3
guäthni̱kiɛn	3
ce̱tni̱	3
luäki̱	3
läätni̱	3
rio̱p	3
cuuci̱	3
cie̱ŋi̱	3
tho̱p	3
ɛläny	3
te̱ni̱	3
thurɛni̱	3
wiä	3
kuääru	3
pälpiny	3
kuëŋ	3
wargakä	3
thiecni̱	3
guicɔ	3
la̱tdu	3
di̱tlɔc	3
cuɔ̱th	3
tɛ̈r	3
me̱t	3
yiɛ	3
bo̱thni̱	3
tɛɛr	3
kuäärɛ	3
kua̱a̱r	3
ɣo̱nh	3
luuc	3
kɛ̈c	3
pua̱nyni̱	3
malä	3
yier	3
palädiɛn	3
ciökɛ	3
täth	3
juaac	3
gɔak	3
ruacni̱	3
nho̱k	3
jɛnɛ	3
i̱ruun	3
jur	3
nyuak	3
tiaamɛ	3
bitä	3
kärɔ̱	3
lök	3
kuɔ̱kɛ	3
ca̱m	3
kun	3
tää	3
naŋɛ	3
dɔ̱ɔ̱rä	3
pa̱a̱r	3
yori̱	3
tut	3
baak	3
päri̱kä	3
jɔwdɛ	3
gua̱mɛ	3
tiɛl	3
wuɔ̱th	3
lɛc	3
ɣɔ̱ɔ̱kɛ	3
bumä	3
pa̱lkɛ	3
matdɛ	3
päm	3
cuɔl	3
ko̱t	3
la̱rä	3
jalap	3
ŋɔ̱a̱ŋɛ	3
nyothɛ	3
pën	3
lëp	3
jɔkdɛ	3
ruacdiɛn	3
ri̱tni̱	3
göl	3
waŋdu	3
thuɔ̱kdɛ	3
woocɛ	3
kui̱du	3
cieŋdɛ	3
ŋiɛc	3
thukä	3
jiɛɛcɛ	3
ruacdä	3
tuaar	3
yac	3
gɔɔydu	3
pur	3
däman	3
wa̱nɛ	3
bi	3
kueckɛ	3
jäny	3
ria̱ŋdu	3
lätdi̱	3
nhiamdu	3
ciööt	3
ruɔ̱n	3
ŋa̱cä	3
ciöl	3
mäy	3
dit	3
jio̱kɛ	3
muɔth	3
cuɔt	3
lätku	3
duɔ̱ɔ̱pdɛ	3
tetdä	3
bilɛ	3
cier	3
cɔalä	3
dhar	3
dho̱o̱m	3
dupkiɛn	3
dupkä	3
gaŋɛ	3
guëth	3
ka̱ndu	3
kuothdu	3
kɔ̱a̱m	3
muɔl	3
ni̱en	3
nyim	3
pa̱a̱m	3
pua̱nykun	3
pɛlu	3
ri̱ŋdiɛn	3
ri̱ŋdɛ	3
ri̱ŋkiɛn	3
ti̱eydä	3
ŋuɔ̱tni̱ku	3
dɔ̱diɛn	3
ja̱k	3
kämni̱	3
la̱tdä	3
bäkɛl	3
guiɛcä	3
rɔɔdu	3
tha̱t	3
wi̱dɛ	3
daan	3
ra̱c	3
wargani̱	3
mandi̱t	3
ɣoo	3
thal	2
bälɛ	2
comɛ	2
thoklɔaac	2
tha̱a̱ŋkiɛn	2
buɔy	2
di̱l	2
linyɛ	2
nyuthdu	2
nho̱o̱kä	2
wɛr	2
wɛrɛ	2
gua̱ni̱kɔn	2
thieec	2
ner	2
nik	2
gɔp	2
diɛɛrɛ	2
yuɔ̱ɔ̱r	2
nhiem	2
tuɔkɔ	2
i̱nɔmɔ	2
tɔ̱a̱a̱c	2
lo̱cni̱	2
ŋɔ̱ɔ̱ŋɛ	2
keeri̱	2
neeri̱	2
rɛp	2
bunä	2
maaru	2
ti̱n	2
ruääkä	2
nöŋi̱	2
cany	2
lärɛ	2
ri̱rri̱i̱r	2
lɛɛ	2
thɔ̱a̱a̱l	2
duäär	2
atɛmɛ	2
tɔani̱	2
moocɛ	2
ŋɛ̈p	2
gua̱ndɔni̱	2
ɣa̱a̱y	2
thieckɛ	2
luäkɔ	2
jiekni̱	2
dhɔɔru	2
tööl	2
ŋithä	2
mi̱n	2
thokdun	2
no̱ŋ	2
ga̱a̱ri̱	2
jɔcni̱	2
ga̱a̱r	2
dupɛ	2
lääri̱	2
cuɔp	2
lɛɛr	2
gɔ̱rädɛ	2
ɛji̱ni̱	2
wargak	2
kacnhial	2
thookdan	2
path	2
muɔ̱n	2
nhɔaknɛ	2
piɛthkɛ	2
piethdiɛn	2
lääp	2
dët	2
manpɛlɛ̈ɛ̈kni̱	2
yiëër	2
waŋmac	2
thɔ̱w	2
butuany	2
taŋ	2
cupɛ	2
rɛɛkɔ	2
kuakiɛn	2
ro̱lan	2
juaacni̱	2
nɛɛkɔn	2
liɔm	2
dënɛ	2
ciɛkɛ	2
yieekä	2
tɛny	2
to̱ŋ	2
thɔ̱l	2
luɔ̱ŋ	2
malɛria	2
ro̱l	2
cio̱k	2
jio̱o̱k	2
yɔ̱ɔ̱ŋ	2
te̱e̱ni̱	2
palɛ	2
naathɔ	2
lɛ̈y	2
ŋɔakni̱	2
guɛ̈rguɛ̈ɛ̈r	2
rui̱cä	2
muɔ̱t	2
tho̱pni̱diɛn	2
do̱ru	2
kuɔ̱m	2
muɔ̱thlimni̱	2
kɔ̱ckɔ̱c	2
ta̱th	2
tiɛt	2
cueer	2
kawaayni̱	2
wi̱i̱ni̱kiɛn	2
war	2
kääri̱	2
dhiec	2
muɔŋ	2
dɔap	2
görnɛ	2
kuakun	2
pɛlädiɛn	2
kɔ̱t	2
deet	2
duny	2
ko̱l	2
dapä	2
latɔ	2
kuakɔn	2
buɔ̱li̱	2
bi̱i̱y	2
bi̱i̱dɛ	2
bi̱i̱diɛn	2
maan	2
ji̱apirka	2
ji̱thkiɛn	2
lɔcdun	2
tërtëër	2
juäl	2
dua̱ŋ	2
guɛl	2
bäälɛ	2
mut	2
nɛkɛ	2
kuɛ̈t	2
ko̱o̱ŋ	2
wi̱muɔ̱ɔ̱n	2
wi̱muɔ̱n	2
dämuɔɔr	2
nyi̱muɔɔr	2
kɔnkɛ	2
jio̱kni̱	2
kapnɛ	2
tho̱pɛ	2
lieŋdɛ	2
ŋuɛtni̱	2
jäälɛ	2
nɔ̱a̱nnɔa̱a̱n	2
jɔakdiɛn	2
mëkɛ	2
dɔŋni̱	2
piɛth	2
cɔalkɛ	2
kuɛɛni̱	2
indi̱i̱t	2
li̱wɛ	2
ni̱a̱	2
luɛki̱luɛk	2
ba̱k	2
thurɛ	2
doth	2
maarkɛ	2
go̱rkɛ	2
watkiɛn	2
payɛ	2
liŋrɔ	2
dhɔɔli̱	2
dɔapkɛ	2
nyieemani̱	2
ɛntämɛ	2
këëtdin	2
böwni̱	2
kar	2
nyaadu	2
puthkiɛn	2
kuëni̱	2
ni̱rɔ̱	2
mäthni̱kɛ	2
juac	2
guicthi̱n	2
ŋa̱thɛ	2
tetni̱kiɛn	2
tokɔ	2
larkɛ	2
mëëdan	2
naŋdu	2
päärni̱	2
thep	2
ŋäcädu	2
thokdiɛn	2
buɔrä	2
rɛydan	2
cuä	2
roc	2
wi̱a̱a̱	2
gut	2
thɔɔlɛ	2
kämɛ	2
yɔ̱a̱t	2
tetkä	2
lipni̱	2
lo̱cnath	2
jiääkni̱	2
payben	2
cäŋɔ	2
rɛɛw	2
ciëëmari̱	2
ka̱mi̱	2
pa̱tɔr	2
poth	2
puthä	2
carkɛ	2
kuk	2
bɔthdɛ	2
thɔt	2
puɔ̱tä	2
nuärä	2
cupni̱	2
tuɔ̱ɔ̱pni̱	2
yurɛ	2
jɔɔkdɛ	2
kuiyɔ	2
gua̱a̱mɛ	2
ŋɔal	2
cia̱a̱	2
mekä	2
wäthni̱	2
mɛɛk	2
thuɔ̱kɛ	2
mɛkɛ	2
wiäcdɛ	2
därwec	2
ŋi̱i̱cä	2
kiɛn	2
latni̱	2
jiäkɔ	2
bumbum	2
teekädɛ	2
ŋuankɛ	2
gɔ̱rädu	2
rol	2
wi̱ccar	2
ri̱cni̱kiɛn	2
ŋi̱i̱ci̱	2
ki̱lɛ̈th	2
ɣöth	2
nyiär	2
wernyin	2
nyɛgaathkä	2
tuɔ̱p	2
rɛt	2
liäp	2
ko̱mko̱o̱m	2
muɔ̱c	2
cok	2
lätni̱du	2
nyurni̱	2
ca̱yni̱	2
teeni̱	2
pääri̱	2
lɔɔcdiɛn	2
kem	2
putɛ	2
yɔ̱r	2
kamädu	2
kamdiɛn	2
duerdui̱r	2
duerɔ	2
läri̱	2
wi̱cdä	2
turur	2
dɔ̱rä	2
duelwa̱l	2
cäŋkä	2
lɔar	2
lätɔ	2
lunyjɔk	2
jicdɛ	2
yupä	2
thuɔ̱ny	2
/cuarɛ	2
jiɛnɛ	2
tɛrɛk	2
dueli̱	2
luɔ̱thɛ	2
tɔ̱n	2
mäl	2
niɛk	2
ja̱a̱li̱	2
ta̱a̱dun	2
muɔɔŋ	2
dɔaaŋ	2
ciëŋnɛ	2
nyuaknɛ	2
deeka	2
duɔ̱li̱	2
wecdun	2
ta̱a̱ny	2
tup	2
yany	2
görɛ	2
nyäkdɛ	2
lääti̱	2
wi̱cdiɛn	2
yio̱wni̱	2
kuëŋpiny	2
rɔamthi̱n	2
ki̱lɛ̈thni̱	2
tiilä	2
duli̱	2
dupiir	2
ma̱a̱th	2
jac	2
lua̱ŋdɛ	2
nannaan	2
guirä	2
ban	2
të	2
daap	2
duɛk	2
cow	2
nuɛt	2
paytuɔɔk	2
kui̱diɛn	2
jɔckɛ	2
ri̱cɛ	2
mëdan	2
thɛmɛ	2
dho̱m	2
kɛli̱	2
aprika	2
gɔyku	2
thëk	2
pi̱i̱	2
nyiee	2
yak	2
kacɛ	2
luëk	2
jiathlɔac	2
ji̱nɛ	2
guari̱	2
lääny	2
taapni̱	2
lik	2
tharay	2
ɛliŋ	2
maari̱	2
yia̱r	2
guɔ̱p	2
caki̱	2
thin	2
kööt	2
jɔ	2
kët	2
nɛɛ	2
jiäkdɛ	2
cetni̱	2
juɔkni̱	2
tha̱a̱ŋdɛ	2
yiɛthni̱	2
tiäl	2
luäŋdiɛn	2
kuu	2
bathi̱	2
cuɔ̱ɔ̱ŋdɛ	2
tiami̱	2
pätpiny	2
diɛwdiɛɛwni̱	2
ŋɔ̱ŋ	2
duŋdu	2
guääli̱	2
buɔ̱ny	2
piäth	2
ji	2
thaar	2
i̱kɛ	2
dɔpni̱	2
kuɛ̈	2
ɛbe	2
lim	2
yie̱e̱r	2
yiɛl	2
kuurä	2
luäŋɔ	2
ɛjiäk	2
ka̱mɛ	2
luɔ̱t	2
duɔthdɛ	2
jaki̱	2
toki̱	2
caarɛ	2
nyɛgathädu	2
yio̱wku	2
kuaku	2
ko̱kɛ	2
jua̱ŋjua̱ŋ	2
dhiääl	2
yoopä	2
nɛ̈n	2
thuki̱	2
puäl	2
thuɔ̱kdiɛn	2
wic	2
wi̱i̱kä	2
dääkdiɛn	2
go̱rɔ	2
gɔykiɛn	2
ba̱l	2
cäri̱ku	2
dhɔariɛn	2
nuɛ̈ɛ̈n	2
tuɔɔkä	2
gääyɛ	2
thuɔ̱kɔ	2
ɛbi̱	2
ɛnɛy	2
luekä	2
nyuri̱	2
nyinku	2
guäcdɛ	2
la̱rɛ	2
wedɛ	2
wocɛ	2
kɛtɛ	2
pinyɔ	2
guäcdu	2
ka̱nɛ	2
linyni̱	2
mukta̱a̱p	2
tuɔ̱k	2
cur	2
nya̱n	2
nyiëëny	2
bil	2
thöpkɛ	2
guith	2
je̱k	2
moci̱	2
läm	2
yɔ̱ɔ̱ŋɛ	2
muɔŋi̱	2
tho̱l	2
kue̱e̱thä	2
be̱nɔ	2
la̱tɛ	2
kuët	2
dar	2
ɛtɛk	2
kamdɛ	2
di̱tälɔaac	2
baybol	2
di̱lɔaac	2
ɣɔ̱nɛ	2
cetɛ	2
manpɛlɛ̈ɛ̈kä	2
närmuɔ̱ɔ̱n	2
käätɛ	2
cät	2
ŋuäny	2
tetkɛ	2
cueerä	2
wa̱ŋ	2
ŋuäl	2
lew	2
ciëëŋdɛ	2
nɛɛnɛ	2
kutdɛ	2
luɔcni̱	2
diɔ̱kdun	2
wup	2
le̱th	2
ŋa̱cɔ	2
ya̱a̱k	2
ro̱ŋɔ	2
rue̱e̱c	2
pinydu	2
di̱i̱lɛ	2
we̱cdiɛn	2
guurɛ	2
ri̱i̱t	2
mucdu	2
buul	2
galam	2
mäcni̱	2
kuuthni̱	2
ruaackɛ	2
dääkä	2
gɔɔlu	2
gɔ̱a̱rkɛ	2
o̱i̱i̱	2
ëi̱i̱	2
pɛ̈lɛ	2
kuäärɔ	2
bup	2
diääli̱	2
di̱i̱lu	2
waat	2
wuɔ̱c	2
kue̱th	2
kɔmdan	2
dɛ̈ŋ	2
jiëc	2
luaal	2
waaŋdu	2
dolä	2
jääl	2
läthi̱	2
liŋɛ	2
yil	2
jua̱thni̱	2
lo̱ny	2
bul	2
nok	2
kur	2
lɛ̈ŋkɛ	2
gɔ̱a̱lkɛ	2
ri̱t	2
diɛɛri̱	2
dhɔm	2
kaaŋ	2
wa̱r	2
ba̱a̱	2
ja̱a̱k	2
luthni̱	2
latɔ̱	2
comkɛ	2
ba̱ŋuan	2
päli̱kä	2
wi̱ni̱	2
na̱nkɛ	2
mathkɛ	2
tupä	2
ciëkdu	2
ja̱lɛ	2
larɛ	2
wuɔ̱t	2
waaŋ	2
dɛm	2
luɔm	2
nhiamdiɛn	2
nyuëy	2
daapi̱	2
kɔp	2
dɔ̱ɔ̱rɛ	2
luɔ̱cɛ	2
ka̱c	2
kökdiɛn	2
buk	2
ler	2
ŋi̱i̱cɛ	2
cuaa	2
wiee	2
kuethɛ	2
mani̱	2
kuac	2
te̱k	2
joc	2
tetkiɛn	2
ti̱t	2
lucni̱	2
wur	2
dhaar	2
bɛ̈l	2
wa̱a̱ri̱kɛ	2
riŋ	2
mɛɛtdä	2
lueeki̱	2
jɛnɔ	2
i̱nɔnɔ	2
mua	2
päärä	2
duänyɛ	2
mɛɛtdiɛn	2
thak	2
gua̱a̱	2
kämi̱	2
nyuurɛ	2
rɔlä	2
yiën	2
laatkɛ	2
barɛ	2
ŋa̱thdu	2
raandu	2
ŋök	2
ruëc	2
näki̱	2
bo̱o̱ŋ	2
ri̱cni̱	2
nɛɛkɛ	2
kuumɛ	2
töl	2
jɔap	2
bap	2
käät	2
maac	2
cut	2
kui̱cdɛ	2
dhɔ̱l	2
gëëkni̱	2
kɔ̱thi̱kä	2
thia̱ŋ	2
ɛmäni̱	2
görä	2
laarɛ	2
räth	2
barkak	2
ba̱kɔ	2
buath	2
buɔth	2
buɔ̱mdɛ	2
bäkɛ	2
bäpdiit	2
bäpdiitni̱	2
cambakni̱kiɛn	2
camkɛ	2
catdä	2
ca̱pkɛ	2
ca̱ru	2
cio̱tdɛ	2
cuɔr	2
cätdiɛn	2
dhim	2
dhöm	2
dhɔaarɛ	2
di̱eth	2
dueerkiɛn	2
dupdiɛn	2
duɔ̱pni̱	2
där	2
dëëp	2
dɔany	2
gaatkä	2
ga̱ykɛ	2
go̱kä	2
gua̱ndiɛn	2
gɔɔydä	2
gɔ̱a̱ŋ	2
gɔ̱kɛ	2
jiäkun	2
juda	2
jɔwdä	2
kakɛ	2
kenkɛ	2
ke̱r	2
kueel	2
kui̱dä	2
känädu	2
kääk	2
kɛna	2
kɛ̈w	2
le̱yni̱	2
liaw	2
liɛɛth	2
lo̱o̱kuɛ̈ɛ̈t	2
luëëkä	2
lääk	2
lɔaacdä	2
lɛmbär	2
lɛpdä	2
mi̱ethdɛ	2
mol	2
mua̱a̱l	2
mun	2
neen	2
nhiamdä	2
nyinkä	2
nyɔakɛ	2
nyɔt	2
puany	2
rieetkä	2
rietdɛ	2
rööl	2
thɛp	2
tiitdɛ	2
tiɛtdɛ	2
wany	2
wa̱t	2
wecdu	2
wuɔ̱thni̱	2
ŋi̱eec	2
ŋunɛ	2
ŋuääkdu	2
ŋër	2
jänyɛ	2
pa̱lɛ	2
puɔ̱nydä	2
warɛgak	2
ki̱thni̱	2
cänɛ	2
nyaamɛ	2
culu	2
luɔ̱k	2
culɛ	2
cul	2
dä	2
ɣää	2
deeyi	2
mana̱dhämɛ	2
tɛ̈ɛ̈t	2
katum	2
kɛ̈l	2
gatdi̱	2
guär	2
bam	2
ŋɔth	2
gatdɛ	2
i	2
kuiiny	1
ŋɔɔnyɛ	1
mula̱a̱kä	1
cuɔmdɛ	1
maathi̱	1
mula̱a̱kdɛ	1
guuri̱diɛn	1
ro̱mä	1
juɔ̱ɔ̱r	1
nua̱a̱ri̱	1
mɛ̈kni̱	1
guecdan	1
reel	1
raŋ	1
pat	1
ciɛŋni̱kɔn	1
lua̱ŋdan	1
te̱e̱kɔn	1
tac	1
gi̱r	1
bo̱k	1
dhɔat	1
ciändu	1
ŋookni̱	1
toocɛ	1
ɛli̱ŋ	1
pil	1
guärni̱	1
bër	1
dey	1
kɛ̈ŋ	1
wa̱där	1
leep	1
nyuthi̱	1
wi̱clɔacdu	1
abi̱	1
neri̱	1
diirɛ	1
maalɛkä	1
nyuɔth	1
nhökɔ	1
ker	1
dhööc	1
nyuan	1
athia̱k	1
ŋiɛthdɛ	1
bäli̱bäl	1
dɛkdɛk	1
ŋol	1
jiek	1
kɔ̱k	1
köli̱	1
bɛr	1
joci̱	1
mɛɛt	1
ki̱m	1
jio̱ki̱	1
gui̱cni̱	1
guëny	1
yut	1
looci̱	1
gooki̱	1
ciëŋtuacdu	1
niki̱	1
bac	1
thuuki̱	1
baac	1
repɛ	1
pa̱a̱l	1
nyäŋ	1
waaŋdɛ	1
lɛ̈p	1
ɛman	1
kueethä	1
gɔɔydiɛn	1
luthɛ	1
thookran	1
ka̱ra̱pɛkä	1
bo̱lɛ	1
gaki̱	1
wani̱	1
thiapi̱	1
la̱mni̱	1
tuaarɛ	1
palkɛ	1
lualdi̱t	1
rɛ̈ɛ̈l	1
indaan	1
liwɛ	1
ti̱m	1
luäŋädɛ	1
puɔ̱thi̱	1
koothä	1
ɛpuc	1
gui̱ci̱	1
biti̱	1
coti̱	1
nɔa̱a̱n	1
thɛɛr	1
biɛl	1
baybolä	1
wiecmuɔ̱ɔ̱n	1
wuɔ̱kdɛ	1
wukä	1
thöpni̱	1
riaal	1
röt	1
merku	1
lo̱o̱l	1
liɛɛci̱	1
duëën	1
duen	1
gaatkun	1
ta̱nyɛ	1
nhökdun	1
thookdun	1
kuaany	1
lua̱r	1
nɛɛkun	1
buɔri̱	1
wuni̱	1
ɛtɛnyɛny	1
agääc	1
wi̱kä	1
ɣa̱a̱li̱	1
tëëkä	1
muɔ̱li̱	1
kaŋ	1
dinkiɛn	1
radiö	1
ti̱li̱bi̱cin	1
pa̱lä	1
na̱nna̱n	1
alaar	1
rɔkrɔk	1
ta̱ny	1
kuɛɛnɛ	1
guɔk	1
kuɛnɔ	1
thuɔkdan	1
luɔ̱ckɛ	1
weekä	1
liäŋdɛ	1
kapkɛ	1
po̱kpo̱k	1
ŋäcädiɛn	1
muɔ̱ndiɛn	1
mi̱i̱thni̱	1
tetran	1
belwec	1
manytap	1
diɔ̱ŋ	1
woor	1
lumköör	1
neet	1
kɔ̱ɔ̱c	1
belɛgak	1
di̱k	1
pamthɔ̱ɔ̱kä	1
liŋgir	1
nyi̱ki̱cɛ	1
tacyaaŋ	1
magakä	1
ŋɔ̱a̱r	1
barɔa	1
roŋ	1
bua̱w	1
no̱r	1
poor	1
botbot	1
tunyca̱r	1
miaar	1
uleŋ	1
kamɛl	1
minycol	1
waak	1
këë	1
tacmankua̱r	1
dɔŋpiny	1
to̱ŋkiɛn	1
ɛti	1
rɔanybelwec	1
nyanbil	1
köth	1
manytapä	1
alänyni̱	1
mi̱thkiɛn	1
miethdiɛn	1
thɛ̈m	1
ro̱o̱lan	1
bee	1
wi̱i̱dan	1
yio̱o̱mni̱	1
tuäctuäcni̱	1
liɛmdiɛn	1
thiɔliɛn	1
cuɔmdiɛn	1
luɔtdiɛn	1
rikbä	1
aliɛnynɛ	1
luɔcnɛ	1
mi̱thkɔn	1
wicwic	1
latä	1
liɛnynɛ	1
yiëëkä	1
lɔcdan	1
bëëkä	1
liŋɔ	1
jiɛnkiɛn	1
rikkiɛn	1
jua̱thkɔn	1
cagiy	1
miadɔ̱l	1
buɔ̱kä	1
thayat	1
ɛnɔm	1
ŋi̱i̱rä	1
botbotä	1
kotwaay	1
magak	1
nɔmlo̱y	1
kɔ̱lpiäw	1
gany	1
lelɛ	1
ɛŋuy	1
tiamɛ	1
gölpiny	1
yiër	1
paliɛn	1
ro̱mɛ	1
manpɛ̈lɛ̈ɛ̈kni̱	1
manytapni̱	1
ciɛwciɛɛw	1
dɛŋtääth	1
diäätni̱	1
dɛ̈ŋtääth	1
cuac	1
cɔ̱t	1
puɔny	1
ciëëŋkiɛn	1
kɛ̈t	1
tuaari̱kiɛn	1
gɛrni̱	1
dönydun	1
këtdindan	1
thom	1
rieetkɛ	1
dɔny	1
ketdi̱	1
do̱nyä	1
lëthlëëth	1
rɛ̈prɛ̈ɛ̈p	1
nhiemkiɛn	1
rɛ̈p	1
wi̱i̱kiɛn	1
lɔɔth	1
curap	1
duëli̱kiɛn	1
kɔ̱a̱ckɔ̱a̱a̱c	1
dëldëël	1
nɛɛnɔ	1
jakɛt	1
burni̱	1
thiɛkthiɛk	1
del	1
läthdiɛn	1
bol	1
thiakthiaak	1
wi̱i̱kɔn	1
läk	1
nɛɛn	1
pɛlädun	1
kuum	1
dieny	1
yiɛk	1
guɔ̱t	1
ruɔ̱ɔ̱r	1
kaan	1
nöör	1
daŋ	1
lir	1
cieŋkɛn	1
dapädiɛn	1
tiääkɛ	1
kumni̱	1
tɔ̱a̱ri̱	1
leyni̱	1
dööriɛn	1
rëp	1
duëlɔ	1
tuɔ̱y	1
ma̱a̱tni̱	1
duëli̱kɔn	1
diaalɛ	1
määtni̱	1
guɛ̈lguɛ̈l	1
dööran	1
pua̱a̱nyni̱kiɛn	1
nyuɔthnɛ	1
matdan	1
ta̱k	1
kɛ̈ɛ̈t	1
tɛɛttɛɛt	1
ciɛrciɛɛr	1
cuni̱	1
gaar	1
pa̱n	1
pa̱a̱n	1
cui̱t	1
ciw	1
mieemkɔn	1
miemkɔn	1
ciëkciëëk	1
ŋuɛni̱	1
metni̱	1
ya̱nyya̱a̱ny	1
ya̱t	1
yaakɛ	1
kɔkɛ	1
thäk	1
ŋuäkdɛ	1
löth	1
wiecdu	1
takɛ	1
ba̱rba̱a̱r	1
baakɛ	1
ciëëmaari̱	1
awe	1
wi̱i̱du	1
ca̱ŋääŋ	1
ca̱ŋa̱ŋ	1
do̱ny	1
kuɔt	1
yuɔp	1
kuëëny	1
copɔ	1
dör	1
wiecmuɔɔn	1
luäkdiɛn	1
gua̱thdan	1
ka̱mkɔn	1
nuääri̱kɔn	1
pa̱lnɛ	1
kɔtni̱dan	1
ŋɔa	1
ŋuɛcnɛ	1
liakdan	1
luɔtɔ	1
nhɔkɔ	1
ma̱tä	1
emëël	1
gɔ̱rɔ	1
tokni̱	1
weni̱kä	1
ca̱ŋda̱a̱rɔ	1
ŋuandiɛn	1
duelgɔ̱rämɔ	1
kɛɛli̱w	1
nyuakɛ	1
kuenkɛ	1
dhi̱l	1
kuënɔ	1
kuɛɛnrɔ̱	1
thaarciëŋ	1
ŋutni̱	1
ci̱we	1
gar	1
gurɛ	1
copni̱	1
gikpek	1
thew	1
di̱elguec	1
dieetni̱	1
watädɛ	1
lɛ̈ŋ	1
la̱tä	1
alaa	1
buɔkdan	1
ruaalɔ	1
rualɔ	1
yɔɔmɛ	1
ko̱o̱t	1
juɔ̱ɔ̱l	1
dui̱rädiɛn	1
puɔ̱ɔ̱nydiɛn	1
juutä	1
kɛ̈th	1
ba̱kɛ	1
gua̱thkɛl	1
ka̱a̱thni̱	1
ruecɛ	1
kari̱	1
maarädiɛn	1
kui̱man	1
athiec	1
guɔ̱kɛ	1
thiɛlɔɔc	1
thiecni̱diɛn	1
kɛrɔ̱	1
bonyni̱	1
aŋäc	1
til	1
kɔtni̱	1
wi̱cjiaath	1
wi̱jiaath	1
guaari̱kiɛn	1
go̱o̱ri̱kiɛn	1
jio̱ktiecni̱	1
muaaŋ	1
ŋuɛɛtä	1
ri̱crɔ	1
kɛ̈kɛ	1
gatdhöl	1
mandɔɔni̱	1
tieet	1
ŋarä	1
cɔ̱ɔ̱kä	1
pɛ̈ɛ̈thni̱	1
cueeri̱	1
lëëri̱	1
mari̱	1
gɔwyɛn	1
thokduëlun	1
maaryɛn	1
ɛluth	1
thuŋɛ	1
puɔni̱	1
ŋaar	1
kal	1
gatdu	1
ti̱i̱ti̱	1
go̱o̱ri̱kɛ	1
diɛri̱	1
määthä	1
ni̱jɛ	1
ɣo̱o̱k	1
kacrɛ̈ɛ̈k	1
lärlär	1
ro̱mni̱	1
tum	1
thic	1
bäku	1
däärtɔ̱ɔ̱rä	1
pootni̱	1
jɔakluaak	1
kamkɛ	1
puɔ̱rkɛ	1
thuɔmkɛ	1
jɔkcar	1
wer	1
lɔkni̱	1
pathayio̱t	1
jiɔmɛ	1
nɔ̱a̱nnɔ̱a̱a̱n	1
rɔ̱ɔ̱kiɛn	1
kuentɔ̱	1
kɛnrɔ̱	1
liööm	1
duelgɔ̱rä	1
nɔ̱a̱ni̱	1
da̱a̱kɔ	1
ɛte	1
thi̱nbä	1
ɣo̱th	1
kuëndun	1
da̱kɔ	1
gɔ̱a̱rni̱	1
liŋrɔ̱	1
luthrɔ̱	1
kuendiɛn	1
ɣɔ̱a̱t	1
tawuunkä	1
ɣɔ̱ɔ̱lɛ	1
nup	1
bɛcɛ	1
luucni̱	1
tho̱t	1
yieer	1
koothni̱	1
gɔ̱a̱rɔ	1
acäŋ	1
thieekɛn	1
löŋ	1
lɛmɔ	1
o̱	1
ruacdan	1
miäthdan	1
rɔ̱dun	1
to̱lu	1
do̱run	1
wutkä	1
luɔth	1
cɔwnyiëët	1
ŋuɔ̱n	1
nyuëk	1
tɛthälɔac	1
cɔanyaal	1
nyiäämani̱	1
piöthkɛ	1
juak	1
tha̱ŋkueni̱	1
ɣɔ̱ɔ̱ku	1
duali̱	1
rieŋrieŋ	1
nyieekiɛn	1
matpiny	1
cɔnyaal	1
ji̱kumɛ	1
cäŋdäärɔ	1
cɛkɛ	1
yio̱ni̱kiɛn	1
kökɛ	1
lo̱ŋɔ	1
ciëëtuacdɛ	1
di̱ni̱	1
thiɛli̱	1
luɔɔny	1
rɔamkɛ	1
liɛɛm	1
combɔ̱	1
kuɔ̱kni̱	1
nyuänä	1
mi̱kɛ	1
pökpöök	1
gui̱cdiɛnti	1
cuäthɛ	1
bi̱rɔ̱	1
tot	1
ɣɔtɛ̈l	1
yio̱wkɛ	1
mänrɛw	1
cäŋkɛl	1
bälkɛthu	1
luɔ̱nyni̱	1
tiɛtnɛ	1
tɛthälo̱cni̱kɔn	1
muut	1
ra̱w	1
yaaŋdiɛn	1
ma̱tkɛ	1
tetkädɛ	1
ciëëni̱kiɛn	1
guectɔ̱	1
ji̱raar	1
mani̱kɔn	1
daptɔ̱	1
da̱pdu	1
pa̱tɔrä	1
cio̱l	1
mandɔɔni̱kɔn	1
gua̱guur	1
ba̱ba̱du	1
gulëni̱	1
kɔaaŋni̱kiɛn	1
thɔ̱ŋɛmi̱	1
muɔ̱cdiɛn	1
ki̱ri̱cini̱	1
ruetkɛ	1
lɔrɛ	1
yëcu	1
thɛ̈mkɛ	1
jɔɔk	1
ɛkɛ	1
dhɔriɛn	1
wicwiic	1
mɛŋa	1
gɔɔk	1
tɛɛnyɛny	1
ji̱luakuɔth	1
kuëndan	1
ki̱ri̱ciinä	1
cääp	1
luɔ̱thnɛ	1
kookɛ	1
kɛ̈ɛ̈c	1
go̱o̱rä	1
ruëtɛ	1
tɔ̱ckɛ	1
cɔwni̱	1
kɔali̱	1
thunydɛ	1
yiɛnyni̱	1
da̱y	1
jia̱kjia̱a̱k	1
ciëëŋak	1
ciɛŋädu	1
go̱o̱ru	1
wiec	1
jɔwdiɛn	1
mëkni̱	1
liɛpni̱	1
pa̱rkɛ	1
luɔ̱ɔ̱tni̱kiɛn	1
kuëën	1
ria̱r	1
ŋarŋar	1
dämändun	1
ciaaŋdun	1
tɛɛtɛ	1
ta̱thdɛ	1
gatdiɛn	1
kue̱n	1
yiëëdɛ	1
cuŋɔ	1
jia̱a̱k	1
tɔŋ	1
mɛ̈k	1
thuukɛ	1
ciëëmani̱kɔn	1
gɔwni̱	1
luɔcɔ	1
caanä	1
tha̱ŋdho̱ri̱	1
yiathni̱	1
gɔ̱ar	1
nyaaraan	1
nyati̱kɛli̱ŋ	1
diɛɛl	1
rɔ̱a̱a̱k	1
theemɔ	1
deelɛ	1
theci̱	1
wërkɛ	1
mindiɛn	1
ŋäcdɛ	1
gaŋkɛ	1
jɔkɔ	1
thieekɛ	1
tɔ̱cä	1
lutni̱	1
cuäär	1
yi̱ckɛ	1
luaŋ	1
jiidiar	1
titkä	1
guicä	1
ciaarkɛ	1
wernyini̱	1
nyaan	1
nyuänɛ	1
ɣöŋɣöŋni̱	1
nyuäänä	1
diil	1
ŋäm	1
lɛckiɛn	1
bäni̱	1
riiny	1
nyiethä	1
rue̱t	1
döth	1
then	1
miɛɛnä	1
yiëëthni̱	1
buɔ̱mbuɔ̱m	1
ŋɔaani̱dɛ	1
lɛm	1
baŋni̱	1
diirä	1
tith	1
guɔ̱rɔ	1
i̱ndi̱i̱t	1
manpɛ̈lɛ̈ɛ̈kni̱kɛ	1
thariɛn	1
cen	1
yir	1
gɔaar	1
laŋɛrɛpädu	1
diwni̱	1
abum	1
thɔɔli̱	1
mi̱i̱thni̱diɛn	1
kuay	1
däpi̱	1
payrɔ̱	1
tɔ̱ɔ̱cɛ	1
ciɛckɛ	1
dekɛ	1
guirädu	1
gɔalu	1
ciɛɛ	1
nuanɛ	1
rɔɔnyi̱	1
gɔ̱lä	1
rɔany	1
ceti̱	1
waki̱	1
ɣaak	1
ci̱lɛ	1
muɔn	1
kuɔmkɛ	1
bɛ̈ɛ̈lɛ	1
lami̱	1
nhiaam	1
rundi̱	1
cärädu	1
buaathni̱	1
cuëc	1
paluath	1
mɔtɔrä	1
ŋuɛny	1
bumi̱	1
mök	1
duɔ̱l	1
liɛpkɛ	1
gatkä	1
ciööl	1
cɔwɛ	1
dapdɛ	1
duëënkɛ	1
dakdaak	1
ruëtni̱	1
ranyrany	1
yɔ̱ɔ̱ŋni̱	1
daapɛ	1
kuɔ̱ɔ̱ni̱	1
guenyni̱	1
gua̱a̱thɔ	1
guecdiɛn	1
kɔɔŋ	1
tiaam	1
rɔakrɔaak	1
biäyni̱kiɛn	1
dapɔ	1
wii	1
bɛcni̱	1
nyurä	1
wa̱a̱r	1
muaaŋni̱	1
ni̱rɔ	1
peekni̱	1
naŋi̱	1
thaakni̱	1
mangatä	1
ŋäcädɛ	1
rɛykä	1
tuɔth	1
nyiɛr	1
lɔaacdiɛn	1
put	1
kon	1
cal	1
noknok	1
dɔ̱ŋɛ	1
gatɔ	1
dööl	1
riɛkɔ	1
kɛɛliwdɛ	1
awekä	1
kɔ̱a̱clɔaac	1
duerduer	1
ji̱dueeri̱	1
nyiini̱	1
duerdui̱rɔ	1
mini̱	1
wuɔ̱ɔ̱kni̱	1
guerɔ	1
wia̱ccar	1
rɛwdu	1
lärä	1
ciëndun	1
däkni̱	1
kɔ̱r	1
daa	1
këër	1
jiikiɛɛr	1
jɔkdiɛn	1
rɔmkɛ	1
jacni̱	1
beni̱	1
wi̱cla̱t	1
jiëcla̱t	1
locjɔk	1
lɔɔ	1
ya̱rkɛ	1
ngo	1
guecgan	1
ŋa̱thni̱	1
tuɔ̱thlɛc	1
biëyni̱	1
pa̱tia̱y	1
ya̱ny	1
dɔm	1
mangan	1
atokɛ	1
wuɔ̱m	1
yoopɛ	1
riy	1
rialkɛ	1
puɔ̱nykun	1
malɔ	1
dhiälɛ	1
rɔmɔ	1
wi̱cdun	1
ŋɔakdial	1
kɛmɔ	1
thieecni̱	1
nyinkɛdiaal	1
mi̱i̱r	1
tiitkɛ	1
thätkɛ	1
nyuɔ̱rɛ	1
di̱lɛ	1
lieem	1
lo̱cni̱kiɛn	1
lɔɔkɛ	1
nyuäänɛ	1
thia̱ki̱thia̱k	1
i̱nɛmɛ	1
yopni̱	1
lɛ̈ɛ̈ŋ	1
coni̱	1
kɛnɔ	1
wokwok	1
dɔŋä	1
muɔŋkɛ	1
mi̱thɛ	1
tɛ̈thlɔacdɛ	1
gua̱ndɔɔndiɛn	1
thiëëkɛ	1
atiɛt	1
tɔ̱ɔ̱cädɛ	1
yuɔpnɛ	1
ciaaŋɛ	1
ti̱ät	1
maarriɛm	1
nhiaalɔ	1
mundu	1
cieŋi̱	1
teeki̱	1
benbɔ̱	1
ji̱thiëëkä	1
ɛna̱n	1
thieekädan	1
tɛ̈thlɔacbä	1
rikɛ	1
ɛji̱n	1
bänyi̱	1
miŋi̱	1
cuɛr	1
aluɔ̱kɛ	1
yuɔ̱r	1
kuiyni̱	1
ŋɔakɔ	1
wi̱cɔ	1
kuɛ̈ɛ̈ni̱	1
guɛ̈ɛ̈l	1
miir	1
lieŋdiɛn	1
guääc	1
ciekɛ	1
yaany	1
thalkɛ	1
luɔɔm	1
nyɛŋadi̱	1
mänku	1
yio̱o̱ni̱ku	1
kuëŋɛ	1
yio̱o̱kɛ	1
la̱rkɛ	1
wi̱du	1
cuitni̱	1
wa̱tkɛ	1
wa̱tdɛ	1
guɛcni̱	1
nyɛgaathni̱kiɛn	1
nyɛgaathdä	1
la̱nyä	1
tiäni̱rɔ	1
kɔ̱a̱cbɔ̱	1
guɔ̱r	1
pa̱lpiny	1
kämä	1
liŋpiny	1
ŋɔ̱a̱ŋ	1
thiɛkä	1
jekdiɛn	1
kuanyni̱	1
yäpyäp	1
bumwi̱c	1
däkpiny	1
wecdɛ	1
nyuurkɛ	1
bööthni̱	1
bo̱ŋ	1
thokduëëlun	1
lo̱ckɔn	1
mɛtdä	1
dɔwdɛ	1
luëth	1
rot	1
ka̱pkɛ	1
thi̱ndɛ	1
wän	1
kɔru	1
tɛthlɔc	1
nɛɛku	1
ma̱a̱ri̱	1
woci̱	1
tharu	1
ma̱thti̱ka	1
luba̱n	1
gua̱lkɛ	1
yärni̱	1
kɔaŋni̱	1
ciaŋdiɛn	1
lutluut	1
liaki̱	1
liakni̱	1
cɔ̱a̱a̱	1
rueti̱	1
ritä	1
yuɔ̱thpiny	1
yät	1
tetdɛ	1
ko̱thä	1
bapbaap	1
ko̱o̱ŋkɛ	1
luay	1
wum	1
thatay	1
ti̱kɛ	1
rɛɛtɛ	1
pa̱a̱rɔ	1
ŋokɔ	1
nor	1
kaakdɛ	1
kätdɛ	1
inɔ	1
jiɛpni̱	1
buɔ̱ri̱	1
bɛ̈ŋni̱	1
thio̱o̱l	1
yiäär	1
mänɛ	1
duäcni̱	1
kue̱nɔ	1
rɛwni̱	1
diɔ̱kni̱	1
guɔ̱ɔ̱ri̱kiɛn	1
kuënɛ	1
dhiecni̱	1
duŋdun	1
kuɛɛthi̱	1
puɔ̱tkɛ	1
go̱l	1
cɔr	1
ri̱cdu	1
mäthä	1
gua̱ndɔɔɔŋni̱	1
ruɔl	1
nɔ̱ɔ̱n	1
nyoothɛ	1
ŋotdi̱	1
ma̱a̱thni̱	1
nyieemani̱kiɛn	1
däärdɔaar	1
tho̱ŋ	1
gui̱c	1
nyadiɛn	1
ga̱a̱cɛ	1
nuɛɛn	1
ca̱tdɛ	1
dämaari̱	1
bi̱a̱a̱	1
ŋari̱	1
ciën	1
ŋuɛɛtdä	1
toth	1
nyɔap	1
kir	1
nyuëëy	1
catkä	1
nyueyä	1
tharayni̱	1
tääthɛ	1
cuäthni̱	1
bo̱ŋgo̱	1
täthɔ	1
ŋukä	1
tɔ̱cɛ	1
dhör	1
tha̱a̱k	1
buɔɔr	1
juacä	1
pekdiɛn	1
tuɔɔl	1
yiötpua̱a̱ny	1
tuɔ̱r	1
lëny	1
dɛ̈ɛ̈r	1
thaalukni̱	1
balaaŋ	1
lualdi̱tɔ	1
thatut	1
gupkiɛn	1
yɔɔtkɛ	1
pɛ̈ri̱	1
yuthpiny	1
jiaath	1
ni̱pɛ	1
kuacjɔ̱ɔ̱r	1
puath	1
rɔɔl	1
coli̱	1
miɛm	1
lɔthi̱	1
tuäk	1
ŋuanyŋuany	1
ŋɔ̱a̱ny	1
yɔt	1
gupädu	1
tekdu	1
ta̱ththi̱n	1
yio̱tä	1
tɛɛnyi̱	1
yio̱tdä	1
yɔti̱	1
dɔ̱a̱a̱ri̱	1
tuutdɔ̱rä	1
biäy	1
ɣëy	1
mandɔɔŋni̱	1
kɔa̱c	1
kɔ̱m	1
bäthɔaalɛ	1
ɣa̱m	1
rɔny	1
thuɔkëër	1
maathkɛ	1
töt	1
böwä	1
tööc	1
lɛ̈ɛ̈ny	1
daypär	1
dia̱r	1
rɛ̈k	1
deer	1
pua̱nydɛ	1
tekädu	1
roonyi̱	1
tuari̱	1
ŋaani̱	1
gerä	1
tuëëri̱	1
mucädiɛn	1
yɔ̱a̱ŋni̱	1
nhökdan	1
rɔmdɛ	1
medan	1
gua̱ndɔŋni̱	1
ba̱nynɛ	1
ba̱a̱p	1
jiäkä	1
ki̱mni̱	1
gɔ̱ra̱	1
gɛrɛ	1
nathbɔ̱	1
rɔamni̱	1
duɔ̱pkɛl	1
gal	1
käniɛ	1
koo	1
thaaluukä	1
ma̱thkɔaŋ	1
cɔɔni̱	1
cua̱r	1
wään	1
kuothdiɛn	1
lua̱ŋädɛ	1
ka̱ppiny	1
di̱i̱tɛ	1
lɔ̱a̱ŋ	1
thɛkä	1
kuothkɛ	1
ŋun	1
gäa̱y	1
toy	1
tëkɛ	1
nyääk	1
nyäkni̱kiɛn	1
wa̱kɛ	1
ciɛɛŋä	1
wäärɔ	1
tiɔtni̱	1
kueth	1
thokluak	1
yɔ	1
ja̱a̱kni̱	1
ö	1
gëriɛn	1
yi̱kɛ	1
mucni̱	1
repni̱	1
yio̱wkiɛn	1
cuerä	1
dapädɛ	1
ganmani̱	1
pia̱a̱r	1
kapdu	1
la̱a̱tni̱	1
dieel	1
cani̱	1
nyiɔ̱t	1
gɔlɛ	1
gɔalɛ	1
kuaanyku	1
wecmuɔ̱n	1
yaaki̱	1
guurni̱	1
dörkɛ	1
ji̱thɛth	1
ci̱ŋ	1
kör	1
gi̱rbaŋ	1
ciäŋ	1
luɔtdä	1
käpni̱	1
mätni̱	1
gaatmuɔr	1
nyieemuɔr	1
laat	1
ko̱p	1
thaal	1
kawɛ	1
rëtkɛ	1
emëëlä	1
mia̱a̱	1
pinyni̱	1
titkɛ	1
ɛŋot	1
te̱kä	1
tho̱li̱kiɛn	1
läätɛ	1
lueeli̱	1
guäcni̱	1
kuaak	1
na̱ŋdiɛn	1
ciöötni̱	1
negade	1
truɛdɛr	1
tujäär	1
dɛɛn	1
tijara	1
tajir	1
tia̱p	1
aje̱k	1
kuärɛ	1
piithi̱	1
luɔ̱ny	1
tho̱pi̱	1
gɔ̱kdɛ	1
lëpdiɛn	1
mëkdiɛn	1
lua̱ŋdiɛn	1
tɔ̱t	1
tukdɛ	1
kɔlɔrɛ	1
dë	1
keen	1
ɛlo̱k	1
nyɛgaathdɛ	1
po̱k	1
po̱o̱k	1
ɛma̱	1
töölɔ	1
copɛ	1
duëëli̱	1
ŋäcdan	1
näkɛ	1
cɔ̱w	1
nua̱n	1
liääm	1
dɔɔp	1
pa̱ta̱n	1
yiŋyiŋ	1
ri̱wdan	1
ciaŋdan	1
ŋɔ̱ŋä	1
tëki̱	1
dali̱	1
tuääk	1
ruɔ̱ɔ̱n	1
ɛbe̱n	1
nyak	1
thäär	1
kuar	1
ko̱o̱tä	1
de̱t	1
ko̱n	1
lɔɔcdan	1
cäyä	1
guɛk	1
thukni̱	1
buuny	1
thuɔ̱dɛ	1
gɔɔlɛ	1
duäcɛ	1
gamɛ	1
lor	1
gua̱dɛ	1
käthi̱	1
gäthɛ	1
ciëndɛ	1
nyadun	1
dui̱i̱r	1
lunyɛ	1
rɔmpiny	1
ciëëndɛ	1
la̱tnɛ	1
kɛɛlɔ	1
nooc	1
kue̱ŋ	1
nyɛgathdu	1
thiecdu	1
cie̱ŋdun	1
manpɛlɛ̈ɛ̈k	1
bɛ̈lbɛ̈ɛ̈li̱	1
bi̱ɛ	1
ɛwe	1
jekdɛ	1
cie̱k	1
pa̱thtɔr	1
wumdɛ	1
titɛ	1
tueer	1
dhööci̱	1
ŋua̱thŋua̱th	1
laatni̱	1
ruɔ̱ɔ̱c	1
köök	1
tuɔ̱th	1
tɔ̱ŋ	1
duëlwal	1
nyɔ̱a̱t	1
riɛkɛ	1
wuri̱kä	1
kamdu	1
luäŋdu	1
kuɛntɔ̱	1
nuɔ̱ɔ̱r	1
nyini̱ku	1
dhɔarun	1
yie̱e̱ndu	1
lɛɛl	1
lɛɛlɛ	1
lɛ̈lkɛ	1
ti̱mɛ	1
wi̱cnath	1
kɔnɔ	1
kuɔk	1
ŋääthni̱	1
ɛriali̱kä	1
cuɔmkɛ	1
gälgäl	1
nyuɔ̱nnyuɔ̱ɔ̱n	1
ciëëni̱	1
jiääkdiɛn	1
bɛ̈cbɛ̈c	1
ciɛŋädɛ	1
me̱e̱rme̱e̱r	1
thi̱l	1
loony	1
luär	1
ba̱lta̱p	1
rar	1
let	1
nyälɔ	1
ri̱wi̱	1
näär	1
jälu	1
wiäcdu	1
lɔ̱a̱ŋdu	1
dɔ̱ŋni̱	1
jekɔ	1
ciökni̱ku	1
na̱nɔ	1
lɛɛy	1
dɛɛt	1
buɔyɛ	1
nyoŋɛ	1
lätni̱kɛ	1
rɛɛt	1
dɔa	1
rɔmä	1
lue̱k	1
duäru	1
peki̱	1
dääki̱	1
nyi̱ri̱	1
tiëm	1
pälä	1
cuɔ̱mdɛ	1
guɛɛl	1
dëŋni̱	1
räpräp	1
ɛtil	1
lok	1
tiaap	1
ŋithädɛ	1
biɛtdɛ	1
kɛmkɛm	1
gɔan	1
tuup	1
däärɛ	1
ɛmä	1
kɔana	1
di̱tɛ	1
ŋici̱	1
miämkɛ	1
ŋok	1
muɔŋä	1
wäthni̱kiɛn	1
mäthni̱kiɛn	1
kuɔn	1
däp	1
gɔk	1
bi̱diö	1
jiathlɔacdiɛn	1
jiathlɔacdɛ	1
wiää	1
jiɛthlɔcdu	1
kɛ̈tkɛ	1
jiɛthälɔaac	1
thieekni̱	1
muaŋɛ	1
jekdu	1
yieeni̱ku	1
ɛgua̱th	1
wi̱nith	1
ɛlo̱ŋɔ	1
cäri̱kɛ	1
römɔ	1
ciɛŋni̱kun	1
tɛ̈ɛ̈ni̱	1
mäthdu	1
buɔyä	1
ji̱thdɛ	1
kuɔthɔ	1
läär	1
yie̱e̱nä	1
yiäth	1
lätɔ̱	1
yiathkɛ	1
bay	1
yɔ̱ŋä	1
lätdu	1
koon	1
kui̱dɛ	1
luucɛ	1
rɛɛŋ	1
röl	1
kɛ̈li̱	1
la̱a̱tku	1
thiekä	1
jɛnɛn	1
di̱li̱	1
duäärku	1
riäny	1
thabuuny	1
riŋni̱	1
böŋ	1
ŋook	1
jiääkiɛn	1
luääkdiɛn	1
ruunɔ	1
ji̱äkiɛn	1
ruɔ̱p	1
bɛ̈cdɛ	1
mi̱i̱thɛ	1
ri̱i̱tɛ	1
baki̱	1
buti̱	1
tue̱th	1
bo̱rɛ	1
dhäli̱	1
kuɔɔki̱	1
betbet	1
wargakdu	1
thiäŋi̱	1
gubɛ	1
kɔɔru	1
tueth	1
ca̱tɛni̱	1
bɛ̈lbɛ̈li̱	1
jɔɔ	1
dɛ̈m	1
pi̱wkɛ	1
luäkdu	1
jɔkä	1
duan	1
di̱w	1
macdɛ	1
bo̱o̱l	1
ŋaknɔm	1
bɛ̈ɛ̈lä	1
nëndɛ	1
riäätku	1
dhuny	1
dualiɛn	1
dɛ̈ŋni̱	1
bokdu	1
liw	1
thie̱e̱ki̱	1
kamɛ	1
lɛɛrɔ	1
dua̱ny	1
la̱ti̱	1
böndu	1
go̱ru	1
ro̱t	1
di̱tlɔcni̱	1
yi̱lyi̱l	1
ka̱t	1
molmol	1
kɔ̱p	1
ni̱nɔ	1
tui̱ny	1
cuci̱	1
liɛc	1
daarä	1
yiärɛ	1
tääth	1
tɔ̱ɔ̱wä	1
cäri̱kiɛn	1
buɔɔnɛ	1
yien	1
nɔ̱a̱a̱n	1
win	1
kokni̱	1
bathkä	1
ɣeel	1
dieethɛ	1
jimith	1
ca̱k	1
dämar	1
nyi̱maar	1
diäär	1
luekɔ	1
cääkdu	1
te̱e̱r	1
teeri̱	1
wäät	1
närmuɔ̱ɔ̱nɔ	1
gua̱a̱thni̱	1
di̱tälɔaacdɛ	1
näärmuɔ̱ɔ̱n	1
we̱t	1
wiyɛni̱	1
i̱yɔɔ	1
närmuɔ̱ndɛ	1
riŋɛ	1
le̱ny	1
butbutkä	1
ŋuään	1
pi̱wkiɛn	1
toliɛn	1
jiac	1
titi̱	1
raaan	1
puɔ̱ɔ̱nyɛ	1
bo̱o̱lɛ	1
yaanɛ	1
nuäänɛ	1
rɛci̱	1
cuäny	1
rok	1
li̱t	1
liithɛ	1
lɛckɛ	1
rio̱pkɛ	1
räl	1
bi̱i̱ydɛ	1
cua̱a̱ny	1
cio̱kɛ	1
pɛ̈n	1
riaawɛ	1
kɔpriäk	1
karkaar	1
ŋuänyɛ	1
tamkɛc	1
katuɔ̱ɔ̱m	1
kunyak	1
ɛ̈i̱a̱	1
nyueey	1
catä	1
käpɛ	1
römdiɛn	1
känɛ	1
markiɛn	1
döp	1
bɔthni̱	1
kɔaŋdä	1
ci̱c	1
kɔakɔ	1
nyɔ̱a̱a̱t	1
tiinyni̱	1
dhaŋdɛ	1
jälni̱	1
ja̱rka̱n	1
thiäŋni̱	1
ɛ̈pɛthɛth	1
rɛydun	1
rɛlɛ	1
ko̱ro̱ni̱th	1
kuëël	1
ma̱a̱c	1
ko̱ro̱nith	1
dhɔ̱a̱l	1
wi̱nɛ	1
mi̱i̱	1
ciaŋdɛ	1
liäth	1
kuanɛ	1
larɔ	1
yɔrɔ	1
pälɔ	1
pualpua̱a̱nydiɛn	1
pälni̱	1
thieeki̱	1
puɔnädu	1
puɔɔndu	1
ɛbum	1
nyɔp	1
ri̱l	1
gɛ̈rɛkä	1
bua̱n	1
gɛ̈rni̱	1
thu	1
ŋääthɛ	1
tɛ̈thlɔaacɔ	1
ciëmani̱kun	1
tuɔ̱ptuɔ̱pdɛ	1
ba̱nypiny	1
wi̱a̱	1
kue̱nkiɛn	1
nyɔɔp	1
locɛ	1
luaaŋɛ	1
bi̱r	1
latjɔ̱ɔ̱r	1
wi̱l	1
ɛka̱n	1
kɔtkɔtni̱	1
kɔtɛ	1
riir	1
nyuurɔ	1
kɔarkiɛn	1
deŋdeŋ	1
jiathɛ	1
ŋap	1
ŋɔac	1
tiapbolkä	1
dɛt	1
wi̱i̱cdɛ	1
bɔthi̱	1
tharjiaath	1
dueerku	1
gua̱thdun	1
puaakni̱	1
biäyni̱ku	1
gueny	1
cio̱o̱k	1
näru	1
guuthu	1
bi̱ka	1
luɔny	1
kuendu	1
ruacdun	1
gɔali̱	1
gakgaakni̱	1
gakgaak	1
ni̱ku	1
rue̱cruac	1
guɛlkɛ	1
nyänɛ	1
kamdun	1
tëkdun	1
luäkdun	1
nyɔc	1
rɛ̈ɛ̈th	1
li̱wkɛ	1
nyuɔ̱n	1
nyuɔ̱ɔ̱n	1
tɔarpiny	1
watkɛ	1
ŋakdä	1
kɔal	1
jiäthlɔaac	1
la̱thni̱	1
pualpua̱a̱ny	1
watni̱ku	1
la̱thlät	1
watni̱	1
luäkni̱	1
tɛk	1
buyni̱	1
nyuakɔ	1
ciëëman	1
nyanbɛ̈lbɛ̈l	1
wi̱yua̱a̱l	1
ɛdi̱i̱t	1
nɛyɔ	1
bɛlni̱kɛ	1
wi̱i̱kɛ	1
jiathlɔaacdu	1
locni̱	1
ɣë	1
luɔcdu	1
dua̱cpiny	1
cuŋdial	1
locdiɛn	1
rɔc	1
ke̱m	1
kuɔ̱nydu	1
ŋäthi̱	1
räprääp	1
ɛpälɛ	1
pa̱wpa̱w	1
liaac	1
go̱o̱p	1
rɔ̱thni̱	1
ya̱nya̱n	1
thonythony	1
kuɛnpinyni̱	1
puɔ̱k	1
ro̱o̱diɛn	1
yiëdɛ	1
cääti̱	1
ranɔ	1
cootɛ	1
bɛci̱	1
mäk	1
i̱thpɔt	1
wuk	1
mali̱	1
rɔmni̱	1
pua̱nydu	1
lia̱	1
cio̱o̱l	1
gɔ̱ɔ̱lɛ	1
wi̱clɔaacdɛ	1
ŋa̱p	1
cäŋdɛ	1
lipi	1
lia̱du	1
jiɛcni̱	1
kay	1
da̱rtɔ̱ɔ̱rä	1
därtɔ̱ɔ̱rä	1
kiir	1
payi̱	1
mi̱thmith	1
käcɛ	1
ɛtaanyɛ	1
lɛt	1
duɔ̱ɔ̱t	1
bokɛ	1
tɛ̈nytɛ̈ɛ̈ny	1
jɔath	1
guer	1
puaaŋ	1
ɛjekɔ	1
riäätni̱	1
tiäät	1
thiämthiäm	1
yorɛ	1
pääri̱du	1
lɛylɛy	1
comni̱ku	1
ŋi̱i̱cädu	1
ŋam	1
dɔaŋä	1
dɔaŋ	1
lɛ̈l	1
thɔaalä	1
gɔ̱ɔ̱runɔ	1
bää	1
röŋä	1
ɣo̱ŋä	1
kɔa̱k	1
cotcoot	1
wëkɛ	1
ɣo̱tni̱	1
päny	1
de̱	1
këk	1
miŋɛ	1
gäk	1
ɣa̱c	1
ja̱rkäni̱	1
gakɛ	1
ɛley	1
bua̱ni̱	1
nyini̱kiɛn	1
naathɛ	1
ba̱t	1
putni̱	1
abe	1
ɛthiɛlɛ	1
rue̱c	1
ɛba	1
liɛny	1
we̱cdɛ	1
bitɛ	1
rup	1
cua̱th	1
yiäny	1
ruɔny	1
ŋoki̱	1
ruëëcni̱	1
rue̱e̱cä	1
yuɔpɛ	1
cac	1
bärɔ	1
kuärö	1
diɛw	1
bööthkiɛn	1
turuk	1
jakdu	1
karam	1
luäŋä	1
ŋiääcni̱	1
jɔp	1
jiöp	1
ŋäthni̱	1
kɔlɔaaŋ	1
miäthdɛ	1
punyjɔ̱ɔ̱ri̱	1
mucdɛ	1
lɛpdu	1
thookdu	1
mua̱a̱c	1
dho̱rkiɛn	1
ɛmuc	1
cun	1
nyäru	1
cɔa̱	1
ɛca	1
riil	1
dia̱ri̱	1
juɔc	1
ɣo̱t	1
cuɔ̱pdiɛn	1
pa̱li̱	1
kɛc	1
rɛ̈tni̱	1
ret	1
rokiɛn	1
gupɛ	1
tëkdiɛnɔ	1
carni̱	1
lua̱ŋu	1
lɔrä	1
nyieny	1
pa̱a̱th	1
wa̱n	1
e̱li̱dhi̱bɛth	1
ciaŋɛ	1
lɔɔcdä	1
tër	1
dëcni̱	1
guälɔ	1
cutä	1
bɛ̈cɛ	1
nyini̱kɔn	1
kuɔ̱ɔ̱th	1
thia̱kɔ	1
kuɔ̱th	1
wooc	1
cuɔ̱ɔ̱ŋdiɛn	1
kɔ̱ɔ̱tkɔ̱ɔ̱t	1
manpɛ̈lɛ̈ɛ̈ni̱	1
luäny	1
liakdiɛn	1
kɔari̱	1
buɔrkiɛn	1
däki̱	1
dhɔru	1
ciëëŋdun	1
jiacnhial	1
dämänthudɛ	1
nyaaw	1
lotä	1
puɔ̱r	1
ka̱a̱ni̱	1
thɔntɛɛk	1
ci̱a	1
kɔanɛ	1
mathuuri̱	1
ka̱ra̱pɛ	1
ŋuɛnɛ	1
liäŋdiɛn	1
luɔ̱pluɔ̱p	1
be̱nɛ	1
nyua̱ni̱	1
a̱ɛ̈ɛ̈i̱	1
thɔɔl	1
poot	1
ba̱lba̱a̱l	1
reepni̱	1
pinydɛ	1
kuenyɛ	1
luëkɛ	1
gɛ̈t	1
ŋiäc	1
we̱cdu	1
ɛlɛ	1
mir	1
gula	1
li̱thkɛ	1
ko̱o̱ri̱kɛ	1
luäkrɔ̱	1
yuandɛ	1
nyuäändu	1
kutdu	1
pɛ̈lu	1
rɔ̱a̱	1
ri̱i̱c	1
ri̱cdä	1
gaati̱	1
duɔthni̱	1
kɔɔriɛn	1
dämandiɛn	1
dhɔɔti̱	1
bapbuulɔ	1
bapni̱	1
jɔɔnyɛ	1
tuur	1
thëc	1
ɛnëë	1
lätä	1
thec	1
kaaru	1
thuɔ̱kthuɔ̱k	1
nyurni̱kɛn	1
gua̱ndɔɔni̱kiɛn	1
di̱i̱liɛn	1
ki̱i̱th	1
dɛth	1
de̱e̱r	1
ŋokɛ	1
guirɛ	1
kɔnä	1
ro̱tni̱	1
guëëk	1
i̱deri̱	1
ruecdɛ	1
lääkɛ	1
thuat	1
kue̱t	1
rɔ̱ɔ̱dun	1
lätkä	1
tuɔ̱ɔ̱m	1
luayni̱	1
ro̱	1
thukduëli̱kiɛn	1
tuɔkni̱	1
ja̱kä	1
täthni̱	1
lomkacä	1
tar	1
lëëpkiɛn	1
nyothɔ	1
thuɔ̱ɔ̱kni̱ku	1
yärkɛ	1
guiiri̱	1
naŋɔ	1
dhök	1
mɔtɔr	1
thurbil	1
luthdɛ	1
gua̱ni̱	1
deerɛ	1
bɛci̱bɛc	1
luthi̱kɛ	1
jääli̱	1
muktäpdun	1
cuɔ̱ŋɔ	1
miäthɛ	1
nyiiri̱	1
raani̱	1
kuënyni̱	1
cuŋkun	1
niɛkɛ	1
gɛw	1
nyuäändɛ	1
tɔ̱a̱t	1
gua̱mɔ	1
lulɛ	1
pa̱lni̱	1
leykun	1
dɔa̱r	1
rɔ̱th	1
kuäärun	1
ɛdi̱t	1
kööŋ	1
camjiɛɛc	1
ɛcu	1
käpɔ	1
ɛlutlut	1
ɛlɛ̈plɛ̈p	1
wë	1
cuɔ̱thcuɔ̱th	1
jay	1
ɛmin	1
ja̱ŋ	1
kui̱cni̱	1
gua̱ndɔɔndɛ	1
gua̱l	1
kutda	1
duëëliɛn	1
jɛni̱i̱	1
ayɔr	1
kuär	1
gatgua̱n	1
cuɔ̱thdɛ	1
tedi̱	1
lua̱ŋkɛ	1
buɔ̱mbuɔ̱ɔ̱m	1
kumɛni̱	1
tɛ̈l	1
tɛ̈lɛ	1
gɔadɛ	1
cuɔtkɛ	1
niär	1
tiaar	1
loploopkädu	1
gua̱a̱thdiɛn	1
tiääŋɛ	1
nyi̱i̱th	1
top	1
daarädu	1
ŋuänydɛ	1
go̱lni̱	1
rɔadu	1
tiämä	1
kuäärädu	1
thieci̱	1
kɔ̱ŋkɔ̱ŋ	1
tuɔɔkɔ	1
ɛmi̱i̱	1
wuc	1
luɛth	1
miäthdiɛn	1
nia̱	1
cuɛɛy	1
kuala	1
ŋuɛ̈tni̱kiɛn	1
wucdɛ	1
thol	1
pa̱a̱lni̱	1
dhɔ̱a̱a̱l	1
dhɔaran	1
muɔŋɛ	1
puɔɔnä	1
lipɛ	1
kɔmdɛ	1
thiääŋi̱	1
jiɛɛndu	1
da̱a̱kni̱	1
nɔn	1
liääŋ	1
kacdɛ	1
duɛkɛk	1
wɛl	1
kɔm	1
biätɛ	1
ko̱mko̱mu	1
jaknɛ	1
ga̱k	1
räthni̱	1
ciëëmuɔɔri̱	1
määthi̱	1
wuɔ̱cdu	1
riɔ̱l	1
yuthɛ	1
wi̱cmuɔ̱ɔ̱nɛ	1
tetädu	1
kuɛnɛ	1
keni	1
ɛnin	1
bi̱i̱r	1
we̱cdan	1
ɛlɔcdu	1
luɔtä	1
ani̱kä	1
bapdiɛn	1
bapdɛ	1
bapi̱th	1
bari	1
bat	1
bathdɔɔr	1
bathä	1
bi̱emkɛ	1
bolwi̱jua̱t	1
buɔthɛ	1
buɔ̱t	1
bääri̱	1
bɛlku	1
bɛlkɛ	1
caarä	1
cakɔ	1
cambak	1
carɔ	1
ca̱tdä	1
ciaŋä	1
cierɛ	1
cieŋädɛ	1
cio̱kdɛ	1
cio̱o̱kdu	1
cio̱o̱kdä	1
cio̱o̱kdɛ	1
cio̱t	1
ciëŋä	1
ciökni̱kä	1
ciɛc	1
ciɛw	1
ciɛɛw	1
ci̱kɛn	1
comdɛ	1
coolɛ	1
cotdɛ	1
curi̱	1
cuëëc	1
cuŋkɛ	1
cuŋɛ	1
cuɔɔr	1
cuɔ̱cdä	1
cäp	1
cääpɛ	1
cɔlɛ	1
cɔ̱wku	1
cɔ̱ɔ̱ni̱	1
dhaarɛ	1
dho̱li̱	1
dhɔaar	1
dhɔaarä	1
dhɔɔtdɛ	1
diitkä	1
di̱eeth	1
di̱elɛ	1
di̱ethkɛ	1
do̱rɛ	1
dualä	1
duar	1
dua̱l	1
dueeri̱kɛ	1
dupdu	1
duäny	1
duëëlɛ	1
duŋdä	1
duɔ̱ɔ̱pdä	1
däpädɛ	1
dɔr	1
dɔ̱k	1
dɔ̱ɔ̱riɛn	1
dɔ̱ɔ̱ru	1
dɔ̱ɔ̱run	1
dɛp	1
dɛykiɛn	1
gaal	1
gaany	1
gaŋi̱	1
gekädu	1
gekädɛ	1
gua̱ndɔŋda	1
gur	1
guuk	1
guuridä	1
guutdä	1
guäthdɛ	1
guëër	1
guëërɔ	1
guɔ̱rkɛ	1
guɔ̱ɔ̱rä	1
guɔ̱ɔ̱rɛ	1
gäc	1
gääŋ	1
gääŋdä	1
göökiɛn	1
gɔaani̱	1
gɔaaɛ	1
gɔanykɛ	1
gɔny	1
gɔyni̱	1
gɔ̱a̱a̱ŋ	1
gɔ̱l	1
gɔ̱rikɛ	1
jaak	1
jakdɛ	1
jakɔa̱a̱k	1
ja̱a̱kɛ	1
ja̱a̱lä	1
ja̱lu	1
jiec	1
jiidɛ	1
jiliɛn	1
jinä	1
jio̱p	1
jio̱ŋko̱o̱r	1
jiw	1
jiökɛ	1
jiöŋköör	1
jiɔam	1
jiɛy	1
juray	1
juät	1
jäk	1
jɔɔkni̱	1
kaaŋä	1
kamni̱	1
kapä	1
ka̱a̱thkɛ	1
ka̱mä	1
ka̱nkɛ	1
kit	1
kiɛri̱	1
ko̱tdä	1
kri̱tho	1
kueen	1
kuethni̱	1
kue̱y	1
kuiyi̱	1
kui̱dun	1
kui̱k	1
kundhur	1
kuothdun	1
kuääri̱	1
kuëthkɛ	1
kuŋɛ̈k	1
kuɔthdä	1
kuɔthdɛ	1
käpkɛ	1
kër	1
kërkër	1
kökdɛ	1
kɔackɛ	1
kɔam	1
kɔan	1
kɔaryɔaamni̱	1
kɔaŋdɛ	1
kɔŋä	1
kɔɔrä	1
kɔ̱a̱kni̱	1
kɔ̱th	1
kɛ̈kdɛ	1
kɛ̈ɛ̈	1
laatku	1
laatkä	1
lakä	1
lath	1
la̱a̱k	1
la̱kdɛ	1
la̱nyäkɛ	1
la̱thkɛ	1
lenyɛ	1
liac	1
limni̱kɛn	1
limɛ	1
liɛm	1
li̱ep	1
li̱pni̱	1
li̱pɛ	1
loot	1
lueekɛ	1
luekdä	1
lukdu	1
lukdä	1
lunyni̱	1
luthdiɛn	1
luthdu	1
luëëkɛ	1
luɔ̱nyä	1
luɔ̱thä	1
luɔ̱ɔ̱ku	1
läti̱kä	1
läätdɛ	1
läŋɛ	1
lëërcandak	1
löli	1
löli̱	1
lɔaacdu	1
lɔ̱a̱ŋä	1
lɛpdɛ	1
lɛtädɛ	1
maandɛ	1
mani̱kiɛn	1
manliɛɛth	1
matdä	1
mathɛ	1
mer	1
miim	1
milɛkä	1
mi̱em	1
mi̱ethdiɛn	1
mi̱ethdä	1
mocä	1
mok	1
mulguc	1
mundɛ	1
muthɛ	1
muɔɔl	1
muɔɔrä	1
muɔɔth	1
muɔ̱th	1
määtdɛ	1
määthdɛ	1
na̱kɛ	1
na̱nɛ	1
nho̱kädu	1
ni̱endu	1
ni̱ɛ	1
no̱ŋɛ	1
nuäŋ	1
nyiɛth	1
nyoŋgol	1
nyuɔɔthä	1
nyuɛ̈ɛ̈nyga̱w	1
nääk	1
nɔ̱a̱a̱nɛ	1
nɔ̱a̱nɛ	1
nɛɛkä	1
pali	1
pec	1
peni̱kä	1
piɛk	1
pi̱em	1
pi̱kɛ	1
po̱cä	1
puanyä	1
pul	1
puul	1
puɔ̱thdɛ	1
puɔ̱ɔ̱rä	1
pärɛ	1
pɛc	1
pɛlkä	1
pɛlni̱	1
pɛɛlɛ	1
rak	1
ra̱a̱kni̱	1
rialbɛɛk	1
riaw	1
ria̱a̱y	1
rietdun	1
riey	1
rikiɛn	1
rikädä	1
riär	1
riäŋɛ	1
ri̱epni̱	1
ri̱et	1
ri̱tädun	1
ro̱o̱liɛn	1
ro̱ŋi	1
ruaacni̱kä	1
ruecdu	1
rueetdɛ	1
ruetdɛ	1
rumputh	1
runkiɛn	1
runku	1
ruul	1
rɔaliɛn	1
rɔamä	1
teey	1
tetdu	1
tetädɛ	1
thiapɔ	1
thia̱ki̱	1
thiekni̱	1
thiäkä	1
thiëmdɛ	1
thi̱eer	1
thi̱i̱l	1
thokdä	1
thuɔ̱ɔ̱kni̱	1
thäri	1
thöpä	1
thɔaak	1
thɔa̱a̱l	1
thɔɔt	1
thɔ̱a̱rɔa̱a̱l	1
thɔ̱a̱ŋ	1
thɔ̱rɔ̱l	1
thɔ̱ɔ̱li̱	1
tiath	1
tieeydu	1
tiitdi̱	1
tiitdä	1
titni̱kɛ	1
tiëëth	1
tiɛtdä	1
ti̱eec	1
ti̱et	1
ti̱etdä	1
ti̱pä	1
toŋkɛ	1
tueyni̱	1
tukä	1
tuut	1
täpä	1
tëth	1
tɔatni̱	1
tɔtdɛ	1
tɔɔrɛ	1
tɔ̱ɔ̱wni̱kiɛn	1
tɛt	1
tɛthä	1
wac	1
wackɛ	1
walku	1
wan	1
wawaw	1
waŋkɛ	1
wiaa	1
wieedä	1
wuɔ̱r	1
wuɔ̱tdiɛn	1
wäärdäär	1
wäŋkä	1
wɛrwɛr	1
yaaŋdɛ	1
yiankɛ	1
yieen	1
yieny	1
yiäk	1
yiënɛ	1
yiëëdä	1
yiëën	1
yiɛni̱kɛ	1
yiɛtkɛ	1
yi̱ethkɛ	1
yupädiɛn	1
yuɔrkɛ	1
yuɔ̱thä	1
yɔaŋkɛ	1
yɔŋyɔŋni̱	1
yɔŋɛ	1
yɔ̱a̱c	1
ŋaprɔkɛdhɔ̱t	1
ŋa̱thkɛ	1
ŋi̱eeckä	1
ŋi̱eeckɛ	1
ŋi̱i̱cdä	1
ŋotdɛ	1
ŋotkɛ	1
ŋua̱a̱k	1
ŋua̱a̱kdɛ	1
ŋua̱ni̱	1
ŋuul	1
ŋuɔtdä	1
ŋuɔ̱tdu	1
ŋuɛɛtkädu	1
ŋäci̱kɛ	1
ŋäckɛ	1
ŋääthi	1
ŋëëtni̱	1
ŋɔaani̱du	1
ŋɔaani̱dä	1
ŋɛ̈r	1
ŋɛ̈ɛ̈nydä	1
ɣo̱y	1
ɣärɛ	1
ɣök	1
ɣɔam	1
ɣɔm	1
ɣɔmä	1
panyi̱jiar	1
ta̱a̱jiɛr	1
buɔthdɛ	1
garmaar	1
diɛwä	1
duka̱ndɛ	1
gua̱a̱din	1
kɔl	1
tikɛdu	1
gi̱rbar	1
ŋuɛt	1
nyi̱mandan	1
ruetji̱	1
deyi̱	1
kuuyɛ	1
nhɔkiɛ	1
mënɛ	1
guiäc	1
deyi	1
guiɛckɛ	1
tɔ̱ɔ̱	1
nääri̱kiɛn	1
manleni̱kiɛn	1
wayni̱kiɛn	1
gua̱nleni̱kiɛn	1
nyamɔ	1
ro̱diɛn	1
gua̱nlen	1
waac	1
kukɛnɛ	1
thë	1
caak	1
thëlɛ	1
yieyni̱	1
guutkä	1
nyaa	1
bɛn	1
guli̱	1
luc	1
thɛlɛ	1
guiɛr	1
tekä	1
raankä	1
waakɛ	1
da	1
gɔ̱ɔ̱rkä	1
ba̱rɔw	1
ba̱däk	1
dhɔarä	1
dan	1
maakaal	1
luekni̱	1
rɛcɔ	1
bën	1
köö	1
ci̱ätkɛ	1
ga̱ra̱rɛ	1
tho	1
baap	1
biä	1
yɔ̱di̱kä	1
nämbär	1
ɛmɔni̱	1
cäätdɛ	1
meniɛ	1
ciötdä	1
ŋuaanda	1
jurä	1
wi̱diɛn	1
robɛ	1
cuaal	1
lɔw	1
dui̱rɛ	1
dhɔarɛ	1
mi̱ci̱n	1
buɔɔny	1
inɔnɔ	1
rɛyda	1
ɔni̱	1
ɛlöö	1
gaŋä	1
rɔdä	1
mɔni̱	1
liip	1
liɛpä	1
kadɛ	1
milɛ	1
bäthɔli̱	1
ŋuɔ̱k	1
toŋ	1
mur	1
tiɛɛr	1
duth	1
jɔkɛ	1
cerɛ	1
tuny	1
murɛ	1
möt	1
böt	1
ŋöth	1
ŋɔɔth	1
gurä	1
tɔylɛt	1
ciäth	1
ciɛth	1
tiäckɛ	1
nyuurkä	1
guiäcä	1
bi̱di̱öö	1
talpoondä	1
jio̱m	1
dundɛ	1
luɔ̱m	1
thany	1
ko̱o̱ri̱	1
dɛŋ	1
jäkä	1
gɔrä	1
khartoum	1
burunti̱	1
wanɛmɔ	1
gatluak	1
ŋiëckɛ	1
ɣa̱a̱	1
guɔ̱ɔ̱rkä	1
thoknuäri̱	1
görni̱	1
thiecɛ	1
ga̱r	1
tharkäjɛ	1
jiok	1
thoknuärä	1
aa	1
bitni̱	1
nyamal	1
tha̱l	1
gatmanlendɛ	1
ŋa̱m	1
nyuɛy	1
nyɔkni̱	1
gaatdi̱	1
lɛni	1
madi̱n	1
nyärä	1
nyuɛ̈ɛ̈	1
dëc	1
ka̱kɛ	1
thoknath	1
